date,channel,region,spend,clicks,conversions,revenue,roi,cpc
2025-07-29,Search,Izmir,742.48,455,16,7116.51,9.584783428509859,1.6318241758241758
2025-07-29,Social,Antalya,874.7,655,12,7533.98,8.61321595975763,1.3354198473282444
2025-07-29,Email,Istanbul,231.48,281,9,7413.38,32.02600656644203,0.8237722419928826
2025-07-29,Affiliate,Istanbul,355.05,295,7,2266.75,6.384312068722715,1.2035593220338983
2025-07-30,Search,Izmir,1018.22,999,39,16489.41,16.194348961913928,1.0192392392392393
2025-07-30,Social,Izmir,546.81,418,8,2636.13,4.8209250013715925,1.308157894736842
2025-07-30,Email,Ankara,170.98,106,5,4771.2,27.90501813077553,1.6130188679245283
2025-07-30,Affiliate,Istanbul,418.09,250,9,2454.12,5.869836638044441,1.6723599999999998
2025-07-31,Search,Istanbul,926.29,738,26,10388.01,11.21464120307895,1.2551355013550134
2025-07-31,Social,Bursa,660.82,690,12,7860.06,11.894403922399443,0.9577101449275363
2025-07-31,Email,Istanbul,327.56,196,13,11847.15,36.16787764073757,1.6712244897959183
2025-07-31,Affiliate,Ankara,394.82,463,15,9124.91,23.111569829289298,0.8527429805615551
2025-08-01,Search,Istanbul,617.99,617,18,7317.07,11.840110681402612,1.0016045380875203
2025-08-01,Social,Bursa,567.12,654,6,3028.56,5.340245450698265,0.8671559633027524
2025-08-01,Email,Ankara,150.38,127,4,1753.12,11.657933235802632,1.1840944881889763
2025-08-01,Affiliate,Izmir,429.53,115,5,3023.84,7.039880799944126,3.7350434782608692
2025-08-02,Search,Bursa,616.47,473,14,10161.91,16.484030042013398,1.3033192389006343
2025-08-02,Social,Antalya,395.41,440,9,3129.02,7.913355757315191,0.898659090909091
2025-08-02,Email,Izmir,175.67,92,3,1880.93,10.70717823191211,1.9094565217391304
2025-08-02,Affiliate,Izmir,134.7,146,6,1967.51,14.606607275426876,0.9226027397260274
2025-08-03,Search,Ankara,649.82,687,22,8439.54,12.987504231941154,0.9458806404657933
2025-08-03,Social,Bursa,452.44,434,9,1910.9,4.223543453275573,1.0424884792626727
2025-08-03,Email,Ankara,196.03,158,6,4437.73,22.63801458960363,1.2406962025316455
2025-08-03,Affiliate,Antalya,319.32,289,9,2586.16,8.098960290617562,1.1049134948096886
2025-08-04,Search,Istanbul,669.52,619,23,11560.16,17.26634006452384,1.0816155088852988
2025-08-04,Social,Istanbul,477.06,615,8,1658.96,3.4774661468159143,0.7757073170731708
2025-08-04,Email,Istanbul,228.78,225,11,7958.28,34.785733018620505,1.0168
2025-08-04,Affiliate,Istanbul,425.41,426,8,4319.75,10.154321713170823,0.9986150234741784
2025-08-05,Search,Bursa,713.49,374,14,7864.92,11.023167808939158,1.9077272727272727
2025-08-05,Social,Bursa,546.47,362,7,4267.39,7.809010558676597,1.5095856353591162
2025-08-05,Email,Bursa,206.89,172,9,4672.29,22.58345014258785,1.2028488372093022
2025-08-05,Affiliate,Antalya,480.22,438,13,8649.49,18.011515555370455,1.096392694063927
2025-08-06,Search,Istanbul,958.92,835,36,17376.11,18.120500145997582,1.1484071856287426
2025-08-06,Social,Ankara,525.41,286,4,1750.54,3.3317599588892484,1.837097902097902
2025-08-06,Email,Bursa,322.54,246,5,3555.8,11.024369070502884,1.311138211382114
2025-08-06,Affiliate,Ankara,412.96,399,9,3349.7,8.111439364587369,1.0349874686716791
2025-08-07,Search,Izmir,860.15,629,14,6943.09,8.071952566412836,1.3674880763116057
2025-08-07,Social,Istanbul,828.39,509,11,4704.21,5.67873827544997,1.6274852652259333
2025-08-07,Email,Antalya,255.12,297,10,7537.66,29.545547193477578,0.858989898989899
2025-08-07,Affiliate,Istanbul,477.63,393,9,5896.36,12.345036953290203,1.2153435114503817
2025-08-08,Search,Bursa,641.43,103,2,1271.42,1.9821648504123601,6.22747572815534
2025-08-08,Social,Istanbul,474.74,400,6,2501.12,5.268399545014113,1.18685
2025-08-08,Email,Antalya,215.46,0,0,0.0,0.0,
2025-08-08,Affiliate,Bursa,303.09,409,3,1687.79,5.568609983833185,0.7410513447432763
2025-08-09,Search,Ankara,658.26,375,20,13274.03,20.165329808890107,1.75536
2025-08-09,Social,Bursa,410.62,300,7,1899.18,4.625152208854902,1.3687333333333334
2025-08-09,Email,Ankara,231.98,207,5,3011.64,12.982326062591603,1.1206763285024155
2025-08-09,Affiliate,Istanbul,159.71,77,0,0.0,0.0,2.074155844155844
2025-08-10,Search,Istanbul,866.74,385,11,6512.9,7.5142487943327865,2.251272727272727
2025-08-10,Social,Istanbul,215.98,86,2,998.31,4.622233540142606,2.511395348837209
2025-08-10,Email,Istanbul,209.06,144,3,1976.0,9.451832009949296,1.4518055555555556
2025-08-10,Affiliate,Antalya,364.03,385,8,3653.43,10.036068455896492,0.9455324675324674
2025-08-11,Search,Antalya,836.79,727,20,9800.57,11.712102200074092,1.1510178817056396
2025-08-11,Social,Izmir,572.51,520,9,3478.59,6.076033606399888,1.1009807692307692
2025-08-11,Email,Ankara,144.64,128,7,2865.03,19.8080060840708,1.13
2025-08-11,Affiliate,Ankara,429.78,423,11,5173.63,12.037856577783984,1.0160283687943261
2025-08-12,Search,Antalya,879.12,1353,42,21176.89,24.088736463736463,0.6497560975609756
2025-08-12,Social,Istanbul,555.21,476,14,6685.42,12.041245654797283,1.1664075630252102
2025-08-12,Email,Izmir,215.16,228,10,8112.55,37.70473136270682,0.9436842105263158
2025-08-12,Affiliate,Istanbul,339.65,249,7,3947.26,11.621551597232447,1.3640562248995982
2025-08-13,Search,Istanbul,783.51,411,13,4194.4,5.353345841150719,1.9063503649635036
2025-08-13,Social,Istanbul,585.55,352,4,1493.29,2.550234821962258,1.663494318181818
2025-08-13,Email,Izmir,295.34,90,3,1316.36,4.457100291189815,3.2815555555555553
2025-08-13,Affiliate,Istanbul,450.7,405,9,6070.69,13.469469713778565,1.1128395061728396
2025-08-14,Search,Ankara,927.5,802,29,17964.26,19.368474393530995,1.1564837905236909
2025-08-14,Social,Bursa,490.27,456,9,3313.61,6.758745181226671,1.0751535087719297
2025-08-14,Email,Bursa,193.01,98,9,6987.48,36.202683798766905,1.9694897959183673
2025-08-14,Affiliate,Izmir,422.43,322,10,3077.13,7.2843548043462825,1.3118944099378882
2025-08-15,Search,Izmir,809.37,614,21,8687.77,10.73399063469118,1.3181921824104235
2025-08-15,Social,Istanbul,348.41,155,5,1893.24,5.433942768577251,2.2478064516129033
2025-08-15,Email,Ankara,216.52,164,7,4047.37,18.692822833918342,1.3202439024390245
2025-08-15,Affiliate,Ankara,471.61,424,11,5080.97,10.77366892135451,1.1122877358490566
2025-08-16,Search,Istanbul,430.88,396,10,6419.21,14.897906609728928,1.088080808080808
2025-08-16,Social,Ankara,430.27,365,10,4104.64,9.539684384223861,1.178821917808219
2025-08-16,Email,Istanbul,270.37,147,7,3859.95,14.27654695417391,1.8392517006802722
2025-08-16,Affiliate,Istanbul,278.25,175,3,892.03,3.2058580413297393,1.59
2025-08-17,Search,Antalya,726.73,433,14,3842.94,5.287988661538673,1.6783602771362587
2025-08-17,Social,Bursa,344.73,291,3,699.09,2.0279349055782787,1.184639175257732
2025-08-17,Email,Istanbul,173.61,189,11,7292.29,42.003859224699035,0.9185714285714286
2025-08-17,Affiliate,Ankara,318.96,314,11,2398.64,7.520190619513419,1.015796178343949
2025-08-18,Search,Izmir,901.93,559,15,8534.99,9.46302928165157,1.6134704830053666
2025-08-18,Social,Istanbul,409.73,227,3,1677.64,4.094501256925293,1.804977973568282
2025-08-18,Email,Antalya,219.32,155,3,1452.34,6.622013496261171,1.4149677419354838
2025-08-18,Affiliate,Istanbul,401.22,451,13,7534.13,18.778051941578184,0.8896230598669623
2025-08-19,Search,Istanbul,779.22,271,8,3856.83,4.949603449603449,2.8753505535055353
2025-08-19,Social,Izmir,650.47,495,12,6014.85,9.246929143542362,1.3140808080808082
2025-08-19,Email,Istanbul,290.92,209,7,4190.91,14.405712910765844,1.3919617224880383
2025-08-19,Affiliate,Ankara,458.8,427,11,4957.57,10.805514385353094,1.0744730679156909
2025-08-20,Search,Bursa,688.98,331,12,7376.52,10.706435600452844,2.081510574018127
2025-08-20,Social,Istanbul,620.06,860,16,5970.58,9.629035899751639,0.721
2025-08-20,Email,Antalya,234.84,173,7,3720.75,15.843765968318856,1.3574566473988439
2025-08-20,Affiliate,Bursa,329.86,220,11,5314.05,16.11001637058146,1.4993636363636365
2025-08-21,Search,Izmir,843.08,575,19,10346.94,12.272785500782843,1.4662260869565218
2025-08-21,Social,Izmir,445.9,226,4,2011.32,4.510697465799507,1.973008849557522
2025-08-21,Email,Ankara,181.45,207,13,7022.68,38.703113805456056,0.8765700483091787
2025-08-21,Affiliate,Ankara,369.78,314,5,3052.61,8.25520579804208,1.1776433121019108
2025-08-22,Search,Ankara,632.41,551,23,12346.86,19.52350532091523,1.1477495462794918
2025-08-22,Social,Istanbul,349.39,344,3,860.72,2.4634935172729615,1.0156686046511627
2025-08-22,Email,Bursa,250.57,205,10,5941.01,23.709981242766492,1.2222926829268292
2025-08-22,Affiliate,Ankara,431.92,220,10,3628.69,8.401301166882757,1.9632727272727273
2025-08-23,Search,Ankara,704.81,708,30,19288.92,27.367545863424183,0.9954943502824858
2025-08-23,Social,Izmir,547.44,648,15,7470.98,13.64712114569633,0.8448148148148149
2025-08-23,Email,Istanbul,252.87,207,8,1873.85,7.410329418278166,1.2215942028985507
2025-08-23,Affiliate,Ankara,183.27,149,3,1061.94,5.794401702406286,1.23
2025-08-24,Search,Izmir,586.91,476,10,6580.88,11.212758344550272,1.2330042016806722
2025-08-24,Social,Antalya,616.36,479,10,5306.38,8.609221883314946,1.2867640918580376
2025-08-24,Email,Ankara,156.79,74,1,442.47,2.822054977996046,2.1187837837837837
2025-08-24,Affiliate,Ankara,342.3,233,10,3831.41,11.193134677183757,1.469098712446352
2025-08-25,Search,Antalya,801.49,966,42,30650.04,38.24132553119814,0.8296997929606625
2025-08-25,Social,Izmir,399.34,220,4,1455.53,3.644838984324135,1.815181818181818
2025-08-25,Email,Istanbul,230.48,176,8,3463.61,15.027811523776467,1.3095454545454546
2025-08-25,Affiliate,Antalya,436.06,230,3,1644.66,3.7716369306976105,1.895913043478261
2025-08-26,Search,Antalya,868.32,813,18,10924.26,12.580914870093974,1.0680442804428045
2025-08-26,Social,Bursa,528.46,142,2,687.52,1.300987775801385,3.7215492957746483
2025-08-26,Email,Istanbul,211.28,190,7,5464.46,25.86359333585763,1.112
2025-08-26,Affiliate,Bursa,430.55,394,10,3098.53,7.196678666821508,1.0927664974619289
2025-08-27,Search,Antalya,1034.08,1288,48,24948.3,24.126083088349066,0.8028571428571428
2025-08-27,Social,Istanbul,704.07,770,14,5128.58,7.284190492422628,0.9143766233766234
2025-08-27,Email,Bursa,298.24,223,7,1272.48,4.266630901287553,1.3373991031390136
2025-08-27,Affiliate,Istanbul,255.74,147,2,929.76,3.635567373113318,1.7397278911564626
2025-08-28,Search,Istanbul,418.35,313,13,8601.31,20.560081271662483,1.3365814696485623
2025-08-28,Social,Antalya,567.39,528,14,3938.25,6.940992967799926,1.0746022727272726
2025-08-28,Email,Antalya,272.66,153,2,758.11,2.780422504217707,1.782091503267974
2025-08-28,Affiliate,Ankara,355.29,417,7,4292.37,12.081313856286412,0.8520143884892086
2025-08-29,Search,Bursa,615.95,511,20,13859.64,22.501241983927265,1.2053816046966732
2025-08-29,Social,Bursa,533.1,466,11,3781.98,7.094316263365222,1.143991416309013
2025-08-29,Email,Istanbul,195.95,118,7,3403.44,17.36892064302118,1.660593220338983
2025-08-29,Affiliate,Ankara,214.74,188,3,1617.39,7.531852472757754,1.1422340425531916
2025-08-30,Search,Istanbul,918.56,766,28,23877.85,25.99487240898798,1.1991644908616188
2025-08-30,Social,Bursa,464.66,481,15,6438.52,13.856411139327681,0.9660291060291061
2025-08-30,Email,Antalya,136.4,136,6,4421.42,32.41510263929619,1.0029411764705882
2025-08-30,Affiliate,Istanbul,181.27,123,4,2066.97,11.402714183262535,1.473739837398374
2025-08-31,Search,Ankara,612.6,674,25,14345.06,23.416682990532156,0.9089020771513353
2025-08-31,Social,Bursa,480.88,230,7,3069.51,6.38311013142572,2.090782608695652
2025-08-31,Email,Istanbul,209.34,177,7,4760.19,22.739036973344795,1.1827118644067798
2025-08-31,Affiliate,Bursa,258.89,123,1,381.78,1.4746803661786858,2.1047967479674794
2025-09-01,Search,Antalya,559.95,453,10,5956.07,10.636788999017767,1.2360927152317882
2025-09-01,Social,Antalya,506.2,371,7,3135.64,6.19446858949032,1.3644204851752022
2025-09-01,Email,Istanbul,238.43,129,6,2992.08,12.549091976680787,1.8482945736434109
2025-09-01,Affiliate,Ankara,306.6,157,3,859.55,2.803489889106327,1.9528662420382168
2025-09-02,Search,Istanbul,775.37,626,27,14376.68,18.541702670982886,1.2386102236421725
2025-09-02,Social,Istanbul,702.53,754,14,7521.3,10.70601967175779,0.9317374005305039
2025-09-02,Email,Istanbul,154.04,120,5,2670.25,17.334783173201767,1.2836666666666665
2025-09-02,Affiliate,Istanbul,455.31,406,17,7520.44,16.517186092991587,1.1214532019704433
2025-09-03,Search,Istanbul,745.29,640,25,15542.93,20.854875283446713,1.164515625
2025-09-03,Social,Istanbul,592.4,474,8,3952.71,6.672366644159352,1.249789029535865
2025-09-03,Email,Izmir,195.1,119,4,2394.66,12.274013326499231,1.6394957983193277
2025-09-03,Affiliate,Bursa,423.29,603,16,6254.01,14.774764345956672,0.7019734660033168
2025-09-04,Search,Antalya,577.86,570,11,5384.92,9.318727719516838,1.0137894736842106
2025-09-04,Social,Istanbul,375.61,352,4,1933.18,5.146774580016507,1.0670738636363637
2025-09-04,Email,Antalya,340.49,331,15,10968.67,32.214367529149165,1.0286706948640483
2025-09-04,Affiliate,Izmir,377.88,412,6,3820.04,10.109135175187891,0.9171844660194175
2025-09-05,Search,Bursa,542.44,465,17,5356.53,9.874880171078827,1.1665376344086023
2025-09-05,Social,Istanbul,481.32,546,9,2354.45,4.891652123327516,0.8815384615384615
2025-09-05,Email,Istanbul,232.54,232,13,7874.97,33.86501247097274,1.0023275862068965
2025-09-05,Affiliate,Ankara,230.52,208,4,2040.31,8.850902307825784,1.1082692307692308
2025-09-06,Search,Ankara,783.54,868,33,15624.24,19.940577379584962,0.9026958525345622
2025-09-06,Social,Istanbul,592.22,442,7,3161.08,5.337678565397994,1.3398642533936653
2025-09-06,Email,Istanbul,189.63,159,9,4845.09,25.550229394083217,1.1926415094339622
2025-09-06,Affiliate,Izmir,325.11,228,8,5614.44,17.269354987542677,1.425921052631579
2025-09-07,Search,Izmir,697.75,632,22,2619.79,3.754625582228592,1.1040348101265822
2025-09-07,Social,Istanbul,457.11,88,0,55.31,0.12099932182625626,5.194431818181818
2025-09-07,Email,Istanbul,152.57,119,12,4597.27,30.13220161237465,1.2821008403361345
2025-09-07,Affiliate,Istanbul,168.7,122,0,0.0,0.0,1.3827868852459015
2025-09-08,Search,Istanbul,703.41,792,17,9957.72,14.156352625069305,0.8881439393939393
2025-09-08,Social,Izmir,437.55,269,4,2207.86,5.045960461661524,1.6265799256505578
2025-09-08,Email,Bursa,279.98,176,9,4492.53,16.045896135438245,1.5907954545454546
2025-09-08,Affiliate,Istanbul,308.69,237,13,7764.0,25.151446434934723,1.3024894514767933
2025-09-09,Search,Istanbul,682.61,330,10,4593.92,6.729933637069483,2.0685151515151516
2025-09-09,Social,Ankara,781.94,79,1,310.89,0.39758805023403326,9.897974683544305
2025-09-09,Email,Istanbul,115.5,60,3,1194.16,10.33904761904762,1.925
2025-09-09,Affiliate,Ankara,414.99,306,8,3886.18,9.364514807585724,1.3561764705882353
2025-09-10,Search,Istanbul,1052.74,750,24,11083.82,10.528544559910328,1.4036533333333334
2025-09-10,Social,Istanbul,603.4,271,3,1593.17,2.6403215114352006,2.2265682656826566
2025-09-10,Email,Istanbul,198.24,155,8,5248.56,26.475786924939467,1.278967741935484
2025-09-10,Affiliate,Istanbul,293.64,157,0,66.01,0.2247990736956818,1.8703184713375796
2025-09-11,Search,Istanbul,776.03,456,14,7278.12,9.378658041570558,1.7018201754385964
2025-09-11,Social,Istanbul,855.12,658,14,2927.38,3.4233557863223876,1.2995744680851065
2025-09-11,Email,Istanbul,150.07,167,6,3770.12,25.122409542213635,0.8986227544910179
2025-09-11,Affiliate,Ankara,377.21,390,11,5781.89,15.328040083772967,0.9672051282051282
2025-09-12,Search,Istanbul,871.26,664,21,10661.7,12.237104882583845,1.3121385542168675
2025-09-12,Social,Antalya,399.13,199,1,370.57,0.9284443664971312,2.005678391959799
2025-09-12,Email,Istanbul,227.56,79,5,2569.23,11.290341008964669,2.880506329113924
2025-09-12,Affiliate,Ankara,268.42,135,4,2442.8,9.10066313985545,1.9882962962962965
2025-09-13,Search,Istanbul,535.0,572,23,11432.89,21.36988785046729,0.9353146853146853
2025-09-13,Social,Antalya,135.56,157,1,513.68,3.7893183830038355,0.8634394904458599
2025-09-13,Email,Istanbul,173.9,147,9,5193.56,29.865209890741806,1.1829931972789116
2025-09-13,Affiliate,Antalya,297.32,172,10,5810.33,19.542344948203954,1.7286046511627906
2025-09-14,Search,Bursa,570.6,396,15,8097.4,14.191026989134244,1.440909090909091
2025-09-14,Social,Istanbul,364.83,544,9,3729.34,10.222130855466931,0.6706433823529412
2025-09-14,Email,Ankara,180.88,94,2,1237.15,6.839617425917736,1.9242553191489362
2025-09-14,Affiliate,Istanbul,260.48,95,1,498.9,1.9153101965601964,2.7418947368421054
2025-09-15,Search,Ankara,655.96,224,5,2661.93,4.058067565095432,2.9283928571428572
2025-09-15,Social,Bursa,425.95,321,6,2417.04,5.674468834370232,1.3269470404984423
2025-09-15,Email,Bursa,218.37,257,9,7444.2,34.08984750652562,0.8496887159533074
2025-09-15,Affiliate,Istanbul,262.87,216,7,2938.04,11.176779396659946,1.2169907407407408
2025-09-16,Search,Izmir,725.27,403,13,5143.7,7.092117418340756,1.7996774193548386
2025-09-16,Social,Istanbul,560.02,708,15,6392.2,11.414235205885504,0.7909887005649717
2025-09-16,Email,Ankara,233.33,227,18,11850.86,50.790125573222475,1.0278854625550662
2025-09-16,Affiliate,Bursa,426.28,396,4,2034.61,4.7729426667917805,1.0764646464646463
2025-09-17,Search,Bursa,631.9,563,12,5869.31,9.288352587434721,1.122380106571936
2025-09-17,Social,Antalya,628.29,663,16,6367.11,10.134030463639402,0.9476470588235294
2025-09-17,Email,Bursa,321.63,236,10,5403.77,16.80120013680316,1.3628389830508474
2025-09-17,Affiliate,Istanbul,368.94,235,3,1547.96,4.195695777091126,1.5699574468085107
2025-09-18,Search,Ankara,651.8,463,11,5500.15,8.438401350107394,1.4077753779697624
2025-09-18,Social,Istanbul,542.55,325,2,732.26,1.349663625472307,1.6693846153846152
2025-09-18,Email,Istanbul,187.32,191,11,5262.69,28.094650864830236,0.9807329842931937
2025-09-18,Affiliate,Bursa,459.83,370,15,9608.8,20.896418241524042,1.2427837837837838
2025-09-19,Search,Izmir,422.27,389,16,9943.88,23.548630023444716,1.0855269922879176
2025-09-19,Social,Antalya,426.46,321,10,1852.02,4.342775406837688,1.3285358255451714
2025-09-19,Email,Bursa,170.04,126,9,6227.79,36.62544107268878,1.3495238095238096
2025-09-19,Affiliate,Istanbul,334.52,2,0,0.0,0.0,167.26
2025-09-20,Search,Istanbul,790.08,795,34,19742.01,24.987355710814093,0.993811320754717
2025-09-20,Social,Istanbul,528.22,435,6,2254.34,4.26780508121616,1.2142988505747128
2025-09-20,Email,Istanbul,195.12,187,8,3156.9,16.179274292742928,1.0434224598930482
2025-09-20,Affiliate,Istanbul,281.37,245,6,3287.09,11.682446600561539,1.1484489795918367
2025-09-21,Search,Istanbul,302.3,148,3,1436.71,4.752596758187231,2.0425675675675676
2025-09-21,Social,Ankara,417.4,298,10,3685.73,8.830210828941064,1.4006711409395973
2025-09-21,Email,Istanbul,203.57,235,11,4915.43,24.146141376430712,0.8662553191489362
2025-09-21,Affiliate,Ankara,304.71,238,4,2123.0,6.967280364937154,1.2802941176470588
2025-09-22,Search,Antalya,988.99,969,31,19629.72,19.848249223955754,1.0206295149638802
2025-09-22,Social,Bursa,600.74,756,11,2113.41,3.518011119619136,0.7946296296296297
2025-09-22,Email,Ankara,239.06,160,7,2816.05,11.779678741738476,1.494125
2025-09-22,Affiliate,Bursa,166.36,96,3,1056.65,6.351586919932676,1.7329166666666669
2025-09-23,Search,Istanbul,1047.37,1033,38,24527.26,23.417951631228696,1.0139109390125847
2025-09-23,Social,Antalya,667.39,613,9,2014.27,3.018130328593476,1.0887275693311582
2025-09-23,Email,Ankara,183.57,88,6,4162.78,22.676799041237675,2.086022727272727
2025-09-23,Affiliate,Istanbul,432.5,374,9,4181.27,9.667676300578036,1.1564171122994653
2025-09-24,Search,Izmir,829.26,584,23,13537.72,16.3250608976678,1.4199657534246575
2025-09-24,Social,Istanbul,576.73,479,13,7073.88,12.265496852946786,1.2040292275574114
2025-09-24,Email,Istanbul,276.77,235,13,8258.18,29.83769917259819,1.1777446808510637
2025-09-24,Affiliate,Izmir,326.58,290,11,4799.05,14.694868026211036,1.1261379310344828
2025-09-25,Search,Istanbul,891.34,321,18,11415.84,12.807503309623712,2.776760124610592
2025-09-25,Social,Bursa,643.1,371,5,1698.38,2.6409267610013996,1.733423180592992
2025-09-25,Email,Istanbul,142.44,125,6,3875.59,27.20857905082842,1.13952
2025-09-25,Affiliate,Antalya,312.47,211,6,3063.73,9.804877268217748,1.4809004739336493
2025-09-26,Search,Istanbul,743.86,748,34,17014.96,22.873874116097113,0.9944652406417113
2025-09-26,Social,Ankara,337.01,296,6,2073.23,6.1518352571140325,1.1385472972972972
2025-09-26,Email,Istanbul,253.75,178,8,4319.58,17.022975369458127,1.425561797752809
2025-09-26,Affiliate,Antalya,311.94,276,11,5736.42,18.389497980380842,1.1302173913043478
2025-09-27,Search,Antalya,841.78,638,19,11697.54,13.896196155765166,1.3194043887147335
2025-09-27,Social,Istanbul,524.2,629,11,5472.19,10.439126287676459,0.8333863275039747
2025-09-27,Email,Ankara,170.83,86,6,2629.58,15.392963765146636,1.9863953488372095
2025-09-27,Affiliate,Bursa,287.09,254,6,3085.67,10.74809293252987,1.130275590551181
2025-09-28,Search,Istanbul,747.39,549,19,10740.11,14.370154805389422,1.3613661202185792
2025-09-28,Social,Ankara,598.56,464,7,1512.53,2.526948008553863,1.2899999999999998
2025-09-28,Email,Ankara,207.16,233,13,9047.26,43.67281328441784,0.889098712446352
2025-09-28,Affiliate,Ankara,213.84,211,7,3598.95,16.830106621773286,1.0134597156398104
2025-09-29,Search,Antalya,801.48,518,20,10480.29,13.076171582572242,1.5472586872586873
2025-09-29,Social,Bursa,452.29,429,7,2621.33,5.795684184925601,1.0542890442890442
2025-09-29,Email,Ankara,144.11,114,5,4781.73,33.18111165082228,1.2641228070175439
2025-09-29,Affiliate,Istanbul,185.59,225,3,1613.26,8.692601972089014,0.8248444444444445
2025-09-30,Search,Istanbul,925.64,555,26,19923.03,21.523518862624776,1.6678198198198197
2025-09-30,Social,Istanbul,441.8,319,7,2227.2,5.041195110909913,1.3849529780564265
2025-09-30,Email,Izmir,207.62,152,12,6157.57,29.657884596859645,1.365921052631579
2025-09-30,Affiliate,Istanbul,188.18,162,4,2228.18,11.840684451057497,1.161604938271605
2025-10-01,Search,Ankara,887.55,933,35,23671.45,26.670553771618504,0.9512861736334405
2025-10-01,Social,Ankara,392.84,421,12,5141.1,13.087007433051626,0.9331116389548693
2025-10-01,Email,Bursa,187.82,223,9,6828.11,36.354541582366096,0.8422421524663677
2025-10-01,Affiliate,Istanbul,395.74,253,10,3793.08,9.5847778844696,1.564189723320158
2025-10-02,Search,Istanbul,843.29,417,11,8299.13,9.841371295758279,2.0222781774580336
2025-10-02,Social,Ankara,779.03,763,23,8312.23,10.669974198682977,1.0210091743119265
2025-10-02,Email,Istanbul,192.46,188,8,4266.36,22.167515327860333,1.0237234042553192
2025-10-02,Affiliate,Istanbul,368.85,205,2,888.98,2.410139623153043,1.7992682926829269
2025-10-03,Search,Ankara,569.63,325,13,7517.84,13.197759949440865,1.7527076923076923
2025-10-03,Social,Bursa,241.92,149,2,589.11,2.4351438492063493,1.6236241610738253
2025-10-03,Email,Istanbul,232.36,243,9,8038.89,34.59670339128938,0.9562139917695474
2025-10-03,Affiliate,Izmir,280.06,142,6,3252.23,11.612618724559024,1.9722535211267607
2025-10-04,Search,Istanbul,780.32,225,11,7625.91,9.772798339142915,3.468088888888889
2025-10-04,Social,Istanbul,572.69,327,8,3048.05,5.322338437898339,1.7513455657492356
2025-10-04,Email,Antalya,141.26,126,7,3295.71,23.33080843834065,1.121111111111111
2025-10-04,Affiliate,Antalya,262.03,261,9,5873.71,22.41617372056635,1.0039463601532566
2025-10-05,Search,Istanbul,566.12,741,20,16030.82,28.316999929343602,0.7639946018893388
2025-10-05,Social,Ankara,546.98,568,16,7506.58,13.723682767194413,0.9629929577464789
2025-10-05,Email,Istanbul,84.03,35,1,477.4,5.681304296084731,2.400857142857143
2025-10-05,Affiliate,Izmir,214.85,197,6,2263.77,10.536513846869909,1.0906091370558375
2025-10-06,Search,Ankara,784.32,506,23,15864.18,20.226667686658505,1.5500395256916997
2025-10-06,Social,Izmir,432.74,448,13,6149.18,14.209871978555253,0.9659375
2025-10-06,Email,Istanbul,118.67,113,4,2061.8,17.374231060925258,1.0501769911504424
2025-10-06,Affiliate,Ankara,444.16,304,8,4423.34,9.958888688760807,1.4610526315789474
2025-10-07,Search,Bursa,853.17,466,20,11525.51,13.50904274646319,1.8308369098712445
2025-10-07,Social,Istanbul,620.53,342,7,3411.81,5.498219264177397,1.8144152046783626
2025-10-07,Email,Bursa,308.35,195,13,7930.09,25.71782065834279,1.5812820512820513
2025-10-07,Affiliate,Istanbul,410.8,430,8,3552.74,8.648344693281402,0.9553488372093023
2025-10-08,Search,Bursa,1241.8,1469,53,10495.46,8.451811885971976,0.8453369639210346
2025-10-08,Social,Istanbul,449.05,318,6,3564.39,7.937623872619975,1.4121069182389938
2025-10-08,Email,Istanbul,176.38,146,5,2816.85,15.970348112030843,1.208082191780822
2025-10-08,Affiliate,Antalya,417.74,315,8,3438.83,8.231986403025806,1.32615873015873
2025-10-09,Search,Antalya,1051.97,1175,44,14389.64,13.678755097578827,0.8952936170212766
2025-10-09,Social,Izmir,683.45,453,10,3336.07,4.881220279464482,1.508719646799117
2025-10-09,Email,Istanbul,138.3,90,5,2725.44,19.706724511930584,1.5366666666666668
2025-10-09,Affiliate,Ankara,383.25,347,11,3196.01,8.339230267449446,1.1044668587896254
2025-10-10,Search,Istanbul,894.4,623,27,11905.3,13.310934704830053,1.4356340288924558
2025-10-10,Social,Istanbul,442.84,352,8,4236.66,9.567021949236745,1.2580681818181818
2025-10-10,Email,Istanbul,217.28,201,14,10083.24,46.406664212076585,1.080995024875622
2025-10-10,Affiliate,Bursa,323.3,308,6,1745.79,5.399907206928549,1.0496753246753248
2025-10-11,Search,Izmir,609.78,633,26,13015.91,21.345255665977895,0.9633175355450236
2025-10-11,Social,Izmir,491.83,371,7,3052.74,6.206900758392127,1.3256873315363882
2025-10-11,Email,Istanbul,142.91,167,0,0.0,0.0,0.855748502994012
2025-10-11,Affiliate,Istanbul,221.89,63,1,526.81,2.3741944206588848,3.522063492063492
2025-10-12,Search,Antalya,495.27,349,12,6596.71,13.319421729561654,1.419111747851003
2025-10-12,Social,Istanbul,503.12,274,9,3042.28,6.046827794561934,1.8362043795620437
2025-10-12,Email,Istanbul,168.81,81,4,2559.6,15.162608850186599,2.084074074074074
2025-10-12,Affiliate,Istanbul,226.66,229,8,2725.08,12.022765375452218,0.9897816593886463
2025-10-13,Search,Antalya,485.19,319,13,7684.86,15.838867247882272,1.5209717868338557
2025-10-13,Social,Antalya,429.59,425,11,3643.04,8.480271887148211,1.0108
2025-10-13,Email,Istanbul,163.63,90,2,1430.75,8.743812259365642,1.818111111111111
2025-10-13,Affiliate,Istanbul,267.19,138,4,1929.78,7.222500842097384,1.936159420289855
2025-10-14,Search,Izmir,978.84,1130,33,21395.61,21.85812798823097,0.8662300884955753
2025-10-14,Social,Antalya,318.24,333,8,3593.06,11.290409753645047,0.9556756756756757
2025-10-14,Email,Bursa,257.17,202,7,3574.5,13.899366178014542,1.2731188118811883
2025-10-14,Affiliate,Izmir,415.23,407,10,5997.63,14.444115309587458,1.0202211302211304
2025-10-15,Search,Antalya,922.41,558,17,6693.29,7.25630684836461,1.6530645161290323
2025-10-15,Social,Istanbul,677.23,642,9,4283.36,6.324823176764171,1.0548753894080998
2025-10-15,Email,Bursa,268.97,91,5,3105.16,11.544633230471797,2.955714285714286
2025-10-15,Affiliate,Bursa,435.61,548,10,3669.82,8.424554073597943,0.7949087591240876
2025-10-16,Search,Izmir,750.68,739,28,13407.17,17.860033569563598,1.0158051420838972
2025-10-16,Social,Antalya,562.34,400,4,2220.12,3.948002987516449,1.40585
2025-10-16,Email,Istanbul,133.69,112,8,3664.77,27.412446705063953,1.1936607142857143
2025-10-16,Affiliate,Istanbul,291.29,258,8,5492.37,18.855333173126436,1.129031007751938
2025-10-17,Search,Istanbul,837.02,623,20,10387.55,12.410157463381998,1.3435313001605136
2025-10-17,Social,Izmir,439.03,360,7,2700.54,6.1511514019543085,1.2195277777777778
2025-10-17,Email,Istanbul,200.4,235,10,7490.27,37.37659680638723,0.8527659574468085
2025-10-17,Affiliate,Istanbul,320.63,386,11,4800.64,14.972522845647632,0.8306476683937823
2025-10-18,Search,Izmir,718.14,594,18,11736.56,16.342997187177986,1.208989898989899
2025-10-18,Social,Antalya,651.78,706,20,11654.42,17.880910736751666,0.9232011331444758
2025-10-18,Email,Antalya,156.46,170,10,8438.66,53.93493544675955,0.9203529411764706
2025-10-18,Affiliate,Ankara,270.12,168,2,1163.36,4.306826595587146,1.6078571428571429
2025-10-19,Search,Ankara,822.96,1005,36,11982.04,14.559686983571499,0.818865671641791
2025-10-19,Social,Izmir,459.17,607,13,7112.54,15.489992813119324,0.7564579901153213
2025-10-19,Email,Istanbul,170.51,102,4,1528.9,8.966629523195122,1.6716666666666666
2025-10-19,Affiliate,Istanbul,315.17,176,4,1672.0,5.305073452422502,1.7907386363636364
2025-10-20,Search,Bursa,919.48,373,10,5497.34,5.978748858050202,2.465093833780161
2025-10-20,Social,Istanbul,587.43,409,10,2911.87,4.956965085201642,1.4362591687041564
2025-10-20,Email,Istanbul,140.61,70,3,1040.45,7.399544840338525,2.008714285714286
2025-10-20,Affiliate,Izmir,271.49,253,8,4306.14,15.861136690117501,1.0730830039525692
2025-10-21,Search,Izmir,927.62,552,17,7711.65,8.313371854854358,1.6804710144927537
2025-10-21,Social,Ankara,626.33,432,12,4912.89,7.8439321124646755,1.449837962962963
2025-10-21,Email,Izmir,260.53,282,12,5236.59,20.099758185237786,0.9238652482269503
2025-10-21,Affiliate,Istanbul,364.5,394,10,3148.88,8.638902606310014,0.9251269035532995
2025-10-22,Search,Bursa,1198.25,1068,30,14486.89,12.090039641143333,1.1219569288389513
2025-10-22,Social,Ankara,571.7,528,8,3956.14,6.919958019940528,1.0827651515151515
2025-10-22,Email,Ankara,251.43,105,5,3166.35,12.593365946784392,2.3945714285714286
2025-10-22,Affiliate,Istanbul,317.17,235,10,2843.4,8.964908408739792,1.3496595744680853
2025-10-23,Search,Izmir,962.98,682,20,17663.32,18.3423539429687,1.4119941348973608
2025-10-23,Social,Ankara,499.03,395,8,3255.13,6.52291445404084,1.263367088607595
2025-10-23,Email,Ankara,245.02,245,18,9308.39,37.99032732021875,1.0000816326530613
2025-10-23,Affiliate,Istanbul,311.49,152,4,2293.44,7.3628045844168355,2.0492763157894736
2025-10-24,Search,Izmir,720.15,517,16,6818.12,9.467638686384781,1.3929400386847195
2025-10-24,Social,Bursa,387.23,468,7,3786.98,9.779665831676263,0.8274145299145299
2025-10-24,Email,Istanbul,163.26,174,11,7661.22,46.926497611172366,0.9382758620689655
2025-10-24,Affiliate,Istanbul,238.65,222,10,5983.0,25.0701864655353,1.075
2025-10-25,Search,Istanbul,885.89,998,42,15432.55,17.420390793439367,0.8876653306613226
2025-10-25,Social,Antalya,422.85,299,2,986.91,2.333948208584604,1.4142140468227427
2025-10-25,Email,Istanbul,239.92,198,9,6625.1,27.613787929309773,1.2117171717171717
2025-10-25,Affiliate,Izmir,311.0,250,4,1840.09,5.9166881028938905,1.244
2025-10-26,Search,Bursa,395.25,114,3,1331.21,3.3680202403542063,3.4671052631578947
2025-10-26,Social,Ankara,409.03,421,8,3432.94,8.392880717795762,0.9715676959619952
2025-10-26,Email,Istanbul,208.96,215,7,4358.59,20.858489663093415,0.9719069767441861
2025-10-26,Affiliate,Ankara,294.59,367,7,3296.63,11.190569944668864,0.8026975476839237
2025-10-27,Search,Istanbul,675.83,480,16,9657.14,14.289303523075327,1.4079791666666668
2025-10-27,Social,Ankara,482.17,501,8,3827.26,7.937573884729453,0.9624151696606786
2025-10-27,Email,Izmir,131.41,85,7,4031.16,30.676204246252187,1.546
2025-10-27,Affiliate,Istanbul,556.09,481,18,10291.58,18.507040227301335,1.1561122661122663
2025-10-28,Search,Istanbul,528.23,103,2,303.25,0.5740870454158227,5.128446601941747
2025-10-28,Social,Izmir,527.33,577,14,6667.2,12.643316329433182,0.9139168110918545
2025-10-28,Email,Ankara,176.86,88,10,8211.61,46.43000113083795,2.0097727272727273
2025-10-28,Affiliate,Istanbul,325.27,110,1,388.93,1.1957143296338428,2.957
2025-10-29,Search,Istanbul,990.34,628,19,10411.96,10.513520609083749,1.5769745222929936
2025-10-29,Social,Bursa,745.77,357,13,3991.34,5.3519717875484405,2.0889915966386554
2025-10-29,Email,Izmir,161.14,129,6,4755.8,29.513466550825374,1.2491472868217053
2025-10-29,Affiliate,Ankara,366.51,375,10,4334.0,11.825052522441407,0.97736
2025-10-30,Search,Ankara,1151.52,877,35,15717.45,13.649307002917883,1.3130216647662485
2025-10-30,Social,Istanbul,696.59,496,8,2307.11,3.312005627413543,1.4044153225806453
2025-10-30,Email,Izmir,270.79,95,3,1449.48,5.352782599062003,2.850421052631579
2025-10-30,Affiliate,Istanbul,350.45,262,5,2988.6,8.527892709373662,1.337595419847328
2025-10-31,Search,Istanbul,343.24,448,14,4366.18,12.72048712271297,0.7661607142857143
2025-10-31,Social,Istanbul,433.62,505,13,4825.41,11.128199806281998,0.8586534653465346
2025-10-31,Email,Istanbul,207.77,73,2,904.36,4.352697694566107,2.846164383561644
2025-10-31,Affiliate,Istanbul,315.42,256,5,2780.65,8.815706042736668,1.232109375
2025-11-01,Search,Istanbul,671.26,652,22,12011.99,17.89469058189077,1.0295398773006135
2025-11-01,Social,Istanbul,659.7,396,3,968.81,1.4685614673336362,1.665909090909091
2025-11-01,Email,Istanbul,247.19,235,8,4786.37,19.363121485496986,1.051872340425532
2025-11-01,Affiliate,Istanbul,320.98,249,5,2499.06,7.7857187363698666,1.2890763052208836
2025-11-02,Search,Ankara,483.68,322,8,3349.8,6.925653324512075,1.502111801242236
2025-11-02,Social,Izmir,478.54,291,8,2292.97,4.791595268943034,1.6444673539518901
2025-11-02,Email,Bursa,223.18,209,12,7016.86,31.440362039609283,1.0678468899521532
2025-11-02,Affiliate,Istanbul,378.63,167,1,644.31,1.7016876634181126,2.267245508982036
2025-11-03,Search,Bursa,746.17,833,29,16689.3,22.36661886701422,0.8957623049219687
2025-11-03,Social,Istanbul,587.39,497,9,5180.64,8.819761997991113,1.1818712273641852
2025-11-03,Email,Ankara,288.0,173,10,6295.13,21.858090277777777,1.6647398843930636
2025-11-03,Affiliate,Istanbul,195.59,185,6,2322.48,11.874226698706478,1.0572432432432433
2025-11-04,Search,Istanbul,1076.58,860,37,24820.45,23.054905348418142,1.2518372093023256
2025-11-04,Social,Istanbul,522.11,525,7,2614.01,5.00662695600544,0.9944952380952381
2025-11-04,Email,Istanbul,168.53,143,8,5511.68,32.704444312585295,1.1785314685314685
2025-11-04,Affiliate,Bursa,471.79,462,8,3363.13,7.128446978528583,1.0211904761904762
2025-11-05,Search,Bursa,881.18,869,44,28056.05,31.839181552009805,1.0140161104718066
2025-11-05,Social,Ankara,716.22,431,7,3084.99,4.307321772639691,1.6617633410672854
2025-11-05,Email,Istanbul,259.78,190,4,4487.07,17.27257679575025,1.3672631578947367
2025-11-05,Affiliate,Istanbul,344.25,313,5,3229.3,9.380682643427741,1.0998402555910542
2025-11-06,Search,Ankara,667.27,623,31,21675.49,32.48383712739971,1.071059390048154
2025-11-06,Social,Ankara,452.07,556,12,3866.19,8.552193244409052,0.8130755395683453
2025-11-06,Email,Bursa,223.73,130,7,5506.66,24.612970991820497,1.7209999999999999
2025-11-06,Affiliate,Istanbul,475.78,376,11,4490.92,9.439068477027199,1.265372340425532
2025-11-07,Search,Istanbul,778.55,452,17,8493.33,10.909164472416673,1.7224557522123893
2025-11-07,Social,Istanbul,487.34,327,2,950.83,1.9510608610005338,1.490336391437309
2025-11-07,Email,Izmir,215.21,137,12,6174.64,28.69123182008271,1.5708759124087592
2025-11-07,Affiliate,Istanbul,198.89,202,4,1442.49,7.252702498868722,0.9846039603960396
2025-11-08,Search,Ankara,718.31,919,34,18884.28,26.28987484512258,0.7816213275299237
2025-11-08,Social,Antalya,586.48,516,11,4438.79,7.5685274860182785,1.1365891472868217
2025-11-08,Email,Istanbul,189.96,110,3,2164.65,11.3952937460518,1.726909090909091
2025-11-08,Affiliate,Istanbul,380.92,395,8,5721.78,15.020949280688857,0.9643544303797469
2025-11-09,Search,Izmir,775.44,543,18,14334.41,18.485517899515113,1.4280662983425416
2025-11-09,Social,Bursa,476.13,624,13,4668.68,9.805473295108479,0.7630288461538461
2025-11-09,Email,Istanbul,163.5,136,7,4451.8,27.228134556574926,1.2022058823529411
2025-11-09,Affiliate,Izmir,228.53,207,11,7081.93,30.989060517218746,1.104009661835749
2025-11-10,Search,Istanbul,1105.49,293,13,5312.26,4.805344236492416,3.7730034129692833
2025-11-10,Social,Istanbul,396.99,213,6,2939.13,7.403536613012922,1.8638028169014085
2025-11-10,Email,Izmir,315.87,305,15,3367.89,10.662266122138854,1.035639344262295
2025-11-10,Affiliate,Istanbul,405.86,263,10,4960.56,12.222342679741784,1.5431939163498098
2025-11-11,Search,Istanbul,962.35,880,29,16598.75,17.248142567672883,1.0935795454545454
2025-11-11,Social,Istanbul,722.9,402,3,1216.73,1.6831235302254808,1.7982587064676616
2025-11-11,Email,Izmir,284.3,305,20,10201.03,35.881217024270136,0.9321311475409837
2025-11-11,Affiliate,Istanbul,245.13,286,6,3847.24,15.694692612083383,0.857097902097902
2025-11-12,Search,Antalya,1030.0,818,32,19634.67,19.06278640776699,1.2591687041564792
2025-11-12,Social,Istanbul,497.91,278,5,1720.91,3.456267196882971,1.791043165467626
2025-11-12,Email,Ankara,253.21,254,11,4112.86,16.242881402788196,0.9968897637795275
2025-11-12,Affiliate,Bursa,483.87,378,6,2804.21,5.795378924091182,1.2800793650793652
2025-11-13,Search,Bursa,736.67,425,20,10172.28,13.80846240514749,1.7333411764705882
2025-11-13,Social,Istanbul,887.35,570,14,7491.01,8.442001465036345,1.5567543859649122
2025-11-13,Email,Ankara,149.67,158,4,3299.66,22.046235050444313,0.9472784810126581
2025-11-13,Affiliate,Ankara,410.33,492,7,4050.66,9.871713011478565,0.8340040650406504
2025-11-14,Search,Istanbul,541.16,474,14,9453.1,17.468216423978124,1.14168776371308
2025-11-14,Social,Istanbul,811.48,516,13,6371.94,7.8522452802287175,1.5726356589147288
2025-11-14,Email,Istanbul,176.42,143,7,4486.02,25.428069379888907,1.2337062937062937
2025-11-14,Affiliate,Istanbul,293.72,370,13,7559.29,25.73638158790685,0.7938378378378379
2025-11-15,Search,Istanbul,457.43,324,11,5010.79,10.954222503989682,1.411820987654321
2025-11-15,Social,Istanbul,286.38,307,6,3062.45,10.693658775054123,0.9328338762214984
2025-11-15,Email,Istanbul,206.24,185,9,6468.0,31.361520558572536,1.1148108108108108
2025-11-15,Affiliate,Istanbul,237.07,177,8,4184.92,17.652676424684692,1.3393785310734463
2025-11-16,Search,Ankara,545.06,527,20,6005.26,11.01761273988185,1.03426944971537
2025-11-16,Social,Izmir,720.15,680,17,8581.38,11.916100812330765,1.0590441176470589
2025-11-16,Email,Izmir,211.01,140,5,2102.21,9.962608407184494,1.5072142857142856
2025-11-16,Affiliate,Izmir,332.78,193,7,3016.24,9.06376585131318,1.7242487046632122
2025-11-17,Search,Istanbul,600.45,599,24,12619.61,21.016920642851193,1.0024207011686144
2025-11-17,Social,Istanbul,509.13,471,9,4388.67,8.61993989747216,1.0809554140127389
2025-11-17,Email,Ankara,198.01,166,10,9472.36,47.83778597040554,1.1928313253012048
2025-11-17,Affiliate,Bursa,246.37,172,6,2168.95,8.80362868855786,1.4323837209302326
2025-11-18,Search,Ankara,876.24,693,32,23632.93,26.970841322012234,1.2644155844155844
2025-11-18,Social,Izmir,423.59,563,7,3305.7,7.804008593215137,0.752380106571936
2025-11-18,Email,Ankara,225.14,115,6,4647.0,20.640490361552814,1.9577391304347824
2025-11-18,Affiliate,Izmir,445.45,476,16,12571.91,28.222943091256035,0.9358193277310924
2025-11-19,Search,Bursa,877.93,662,30,11580.63,13.190835260214367,1.3261782477341388
2025-11-19,Social,Istanbul,680.44,574,9,3525.94,5.181852918699665,1.1854355400696865
2025-11-19,Email,Istanbul,262.11,144,7,5167.48,19.714928846667426,1.8202083333333334
2025-11-19,Affiliate,Bursa,295.99,235,5,2641.8,8.92530153045711,1.259531914893617
2025-11-20,Search,Istanbul,1136.27,1245,47,20053.69,17.648701452999727,0.9126666666666666
2025-11-20,Social,Izmir,495.48,322,2,1293.11,2.6098127068701054,1.5387577639751553
2025-11-20,Email,Bursa,255.57,108,7,4080.4,15.9658801893806,2.366388888888889
2025-11-20,Affiliate,Istanbul,263.06,261,6,3111.46,11.827947996654755,1.0078927203065133
2025-11-21,Search,Istanbul,787.52,541,22,13438.91,17.06484914668834,1.4556746765249537
2025-11-21,Social,Izmir,549.43,227,2,1053.6,1.9176237191270953,2.420396475770925
2025-11-21,Email,Izmir,85.89,79,7,3968.76,46.207474676912334,1.0872151898734177
2025-11-21,Affiliate,Antalya,385.97,175,5,2207.72,5.719926419151746,2.2055428571428575
2025-11-22,Search,Istanbul,734.49,518,22,13718.47,18.677544963171723,1.417934362934363
2025-11-22,Social,Antalya,377.08,295,9,4313.33,11.438766309536438,1.2782372881355932
2025-11-22,Email,Ankara,110.4,98,4,2818.35,25.52853260869565,1.126530612244898
2025-11-22,Affiliate,Izmir,233.42,214,4,2501.62,10.717247879359096,1.0907476635514017
2025-11-23,Search,Antalya,636.93,852,34,21030.46,33.018479267737426,0.7475704225352112
2025-11-23,Social,Istanbul,426.16,396,6,1813.9,4.256382579312934,1.0761616161616163
2025-11-23,Email,Izmir,209.19,118,4,3050.4,14.581958984655099,1.7727966101694914
2025-11-23,Affiliate,Ankara,310.9,207,6,3176.55,10.217272434866517,1.5019323671497584
2025-11-24,Search,Istanbul,930.47,967,31,16617.23,17.858963749502937,0.9622233712512926
2025-11-24,Social,Istanbul,682.23,310,6,2240.75,3.284449525819738,2.200741935483871
2025-11-24,Email,Ankara,214.97,207,14,8755.46,40.72875284923477,1.0385024154589373
2025-11-24,Affiliate,Ankara,252.54,205,7,5533.09,21.90975687019878,1.2319024390243902
2025-11-25,Search,Istanbul,604.95,544,22,10598.48,17.519596660881064,1.1120404411764706
2025-11-25,Social,Istanbul,760.7,609,13,3509.18,4.613093203628237,1.2490968801313629
2025-11-25,Email,Ankara,262.05,175,11,6531.39,24.924212936462506,1.4974285714285716
2025-11-25,Affiliate,Ankara,356.92,315,6,3788.95,10.615684186932645,1.1330793650793651
2025-11-26,Search,Ankara,757.91,497,17,5056.67,6.671860775026059,1.5249698189134808
2025-11-26,Social,Ankara,792.35,471,10,4044.55,5.104499274310595,1.682271762208068
2025-11-26,Email,Bursa,194.91,160,8,5220.54,26.78436201323688,1.2181875
2025-11-26,Affiliate,Ankara,388.45,322,10,6827.92,17.57734586175827,1.2063664596273291
2025-11-27,Search,Ankara,982.31,620,14,8318.49,8.468294123036516,1.5843709677419353
2025-11-27,Social,Izmir,753.54,61,0,0.0,0.0,12.35311475409836
2025-11-27,Email,Istanbul,308.99,328,18,12369.15,40.030907149098674,0.9420426829268292
2025-11-27,Affiliate,Izmir,242.57,104,2,771.88,3.182091767324896,2.332403846153846
2025-11-28,Search,Antalya,980.87,964,32,22482.56,22.92103948535484,1.0175
2025-11-28,Social,Ankara,543.02,105,4,1159.65,2.13555670141063,5.171619047619047
2025-11-28,Email,Istanbul,235.67,202,9,5066.78,21.499469597318285,1.1666831683168317
2025-11-28,Affiliate,Ankara,304.5,336,10,5592.86,18.36735632183908,0.90625
2025-11-29,Search,Istanbul,994.42,979,38,18178.41,18.280414714104705,1.0157507660878446
2025-11-29,Social,Ankara,537.44,568,8,3145.77,5.853248734742483,0.9461971830985917
2025-11-29,Email,Bursa,221.58,97,4,1462.95,6.602355808285946,2.2843298969072166
2025-11-29,Affiliate,Bursa,306.92,241,1,576.5,1.8783396324775186,1.2735269709543569
2025-11-30,Search,Antalya,698.21,905,32,18359.42,26.294982884805428,0.7715027624309393
2025-11-30,Social,Istanbul,382.93,352,8,3553.6,9.280025069856109,1.0878693181818182
2025-11-30,Email,Ankara,231.2,230,12,4348.33,18.807655709342562,1.0052173913043478
2025-11-30,Affiliate,Istanbul,296.27,62,1,495.17,1.6713470820535323,4.778548387096774
2025-12-01,Search,Istanbul,1093.0,1260,43,24995.64,22.868838060384263,0.8674603174603175
2025-12-01,Social,Izmir,578.66,479,9,3688.25,6.373777347665296,1.2080584551148226
2025-12-01,Email,Bursa,237.34,180,11,6045.33,25.471180584815034,1.3185555555555555
2025-12-01,Affiliate,Izmir,326.41,189,10,4008.7,12.281180110903463,1.7270370370370371
2025-12-02,Search,Ankara,1297.36,1127,37,23979.21,18.48308102608374,1.151162377994676
2025-12-02,Social,Ankara,655.15,455,2,933.06,1.424192932916126,1.4398901098901098
2025-12-02,Email,Ankara,193.16,175,3,934.11,4.835939117829779,1.1037714285714286
2025-12-02,Affiliate,Istanbul,401.39,308,7,2633.96,6.562096713919131,1.3032142857142857
2025-12-03,Search,Istanbul,533.45,626,34,15606.34,29.25548786203018,0.8521565495207668
2025-12-03,Social,Izmir,557.03,340,8,3274.77,5.878983178643879,1.6383235294117646
2025-12-03,Email,Ankara,132.52,145,9,4023.8,30.36371868397223,0.9139310344827587
2025-12-03,Affiliate,Istanbul,372.56,310,2,1083.92,2.909383723427099,1.2018064516129032
2025-12-04,Search,Bursa,720.2,653,21,11963.85,16.611843932241044,1.1029096477794793
2025-12-04,Social,Istanbul,711.31,451,9,4529.66,6.368053310089834,1.5771840354767184
2025-12-04,Email,Antalya,330.44,99,7,3946.16,11.942137755719646,3.3377777777777777
2025-12-04,Affiliate,Antalya,275.36,311,13,7793.89,28.30436519465427,0.8854019292604502
2025-12-05,Search,Ankara,982.12,1063,37,15261.67,15.539516556021667,0.9239134524929445
2025-12-05,Social,Istanbul,717.54,571,15,5475.52,7.630961340134349,1.2566374781085814
2025-12-05,Email,Bursa,248.82,225,13,7756.36,31.172574551884896,1.1058666666666666
2025-12-05,Affiliate,Istanbul,311.62,129,3,1555.65,4.992137860214364,2.415658914728682
2025-12-06,Search,Istanbul,621.23,569,18,9251.96,14.89297039743734,1.091792618629174
2025-12-06,Social,Istanbul,451.78,530,15,3828.14,8.473460533888176,0.8524150943396226
2025-12-06,Email,Ankara,164.24,132,6,2148.55,13.081770579639553,1.2442424242424244
2025-12-06,Affiliate,Bursa,235.16,110,4,1692.78,7.19841809831604,2.1378181818181816
2025-12-07,Search,Bursa,919.25,619,24,11598.87,12.6177536034811,1.4850565428109854
2025-12-07,Social,Bursa,419.11,435,8,3079.89,7.348643554198182,0.9634712643678162
2025-12-07,Email,Ankara,279.7,119,6,2894.22,10.347586700035752,2.350420168067227
2025-12-07,Affiliate,Istanbul,286.48,162,3,1685.43,5.883237922368053,1.7683950617283952
2025-12-08,Search,Antalya,825.8,480,22,16672.48,20.18948898038266,1.7204166666666665
2025-12-08,Social,Istanbul,523.8,358,6,1557.63,2.973711340206186,1.4631284916201117
2025-12-08,Email,Izmir,207.48,221,13,6453.18,31.10266049739734,0.9388235294117646
2025-12-08,Affiliate,Istanbul,243.81,309,4,2465.18,10.11107009556622,0.7890291262135922
2025-12-09,Search,Ankara,936.03,1134,42,25051.61,26.76368278794483,0.8254232804232804
2025-12-09,Social,Istanbul,721.2,426,8,4204.96,5.830504714364947,1.6929577464788734
2025-12-09,Email,Ankara,263.22,172,8,4188.73,15.913418433249749,1.5303488372093026
2025-12-09,Affiliate,Istanbul,415.53,497,15,6269.39,15.08769523259452,0.836076458752515
2025-12-10,Search,Istanbul,1245.76,769,26,8490.08,6.81518109427177,1.6199739921976593
2025-12-10,Social,Istanbul,780.99,833,11,6040.91,7.734938987695105,0.9375630252100841
2025-12-10,Email,Istanbul,289.13,204,10,6319.26,21.856120084391105,1.4173039215686274
2025-12-10,Affiliate,Ankara,431.58,293,9,5668.85,13.135108207053156,1.4729692832764505
2025-12-11,Search,Istanbul,942.37,747,21,10113.59,10.732079756358967,1.2615394912985274
2025-12-11,Social,Istanbul,554.49,582,12,7005.93,12.63490775307039,0.9527319587628866
2025-12-11,Email,Antalya,219.86,73,3,1355.31,6.164422814518329,3.0117808219178084
2025-12-11,Affiliate,Bursa,456.74,351,12,6534.58,14.307001795332136,1.3012535612535612
2025-12-12,Search,Istanbul,1082.09,939,37,19394.15,17.92286223881563,1.1523855165069221
2025-12-12,Social,Ankara,471.8,654,12,5752.95,12.193620178041542,0.7214067278287462
2025-12-12,Email,Istanbul,171.79,208,13,8468.86,49.29774724954888,0.8259134615384615
2025-12-12,Affiliate,Istanbul,367.87,326,10,3466.23,9.422431837333841,1.128435582822086
2025-12-13,Search,Istanbul,737.04,247,10,5698.26,7.731276457180073,2.9839676113360323
2025-12-13,Social,Istanbul,522.12,595,10,3994.48,7.6505018003524095,0.8775126050420168
2025-12-13,Email,Ankara,175.86,222,17,9019.65,51.28880928010917,0.7921621621621622
2025-12-13,Affiliate,Istanbul,382.42,417,15,7414.86,19.389310182521832,0.917074340527578
2025-12-14,Search,Istanbul,747.56,782,38,17373.48,23.240248274386005,0.9559590792838873
2025-12-14,Social,Ankara,597.5,499,16,7014.86,11.740351464435147,1.1973947895791583
2025-12-14,Email,Bursa,208.59,180,10,5750.41,27.568004218802436,1.1588333333333334
2025-12-14,Affiliate,Istanbul,278.67,205,8,4418.44,15.855456274446476,1.3593658536585367
2025-12-15,Search,Istanbul,1035.13,1454,49,25725.81,24.852733473090336,0.7119188445667126
2025-12-15,Social,Bursa,640.44,597,10,4504.4,7.033289613390792,1.0727638190954776
2025-12-15,Email,Istanbul,326.41,276,9,5764.85,17.661376796054043,1.182644927536232
2025-12-15,Affiliate,Istanbul,468.85,675,15,7128.21,15.203604564359603,0.6945925925925927
2025-12-16,Search,Izmir,1163.31,1011,31,17400.06,14.957371637826549,1.1506528189910978
2025-12-16,Social,Bursa,797.07,541,6,2787.53,3.4972210721768477,1.4733271719038818
2025-12-16,Email,Izmir,203.93,120,3,1897.83,9.306281567204433,1.6994166666666668
2025-12-16,Affiliate,Bursa,511.58,331,6,2935.13,5.7373822276085855,1.5455589123867068
2025-12-17,Search,Bursa,844.67,300,12,7212.91,8.539323049238165,2.8155666666666663
2025-12-17,Social,Bursa,801.09,234,3,1294.53,1.6159607534733924,3.4234615384615386
2025-12-17,Email,Antalya,295.38,241,12,9707.1,32.86309161080642,1.225643153526971
2025-12-17,Affiliate,Antalya,311.65,229,2,1209.0,3.8793518369966313,1.3609170305676854
2025-12-18,Search,Ankara,822.29,806,26,12821.71,15.592686278563523,1.0202109181141439
2025-12-18,Social,Ankara,751.34,217,2,664.56,0.8844996938802672,3.4623963133640556
2025-12-18,Email,Ankara,178.75,141,9,3226.64,18.051132867132868,1.2677304964539007
2025-12-18,Affiliate,Istanbul,404.45,251,8,6339.7,15.674867103473854,1.6113545816733068
2025-12-19,Search,Antalya,922.96,547,18,5722.93,6.200626245991159,1.6873126142595978
2025-12-19,Social,Istanbul,482.53,371,8,2505.81,5.193065716121278,1.300619946091644
2025-12-19,Email,Istanbul,147.09,23,1,694.39,4.7208511795499355,6.395217391304348
2025-12-19,Affiliate,Ankara,368.11,356,8,6101.03,16.573931705196816,1.0340168539325842
2025-12-20,Search,Istanbul,660.43,537,17,8998.71,13.625531850461062,1.229851024208566
2025-12-20,Social,Ankara,511.09,443,10,5070.89,9.92171633176153,1.1537020316027087
2025-12-20,Email,Bursa,192.09,192,10,8049.47,41.90468009787079,1.00046875
2025-12-20,Affiliate,Antalya,169.86,135,1,506.39,2.981219828093724,1.2582222222222224
2025-12-21,Search,Antalya,913.69,836,31,9263.06,10.138077466099004,1.0929306220095694
2025-12-21,Social,Izmir,675.0,452,9,4703.49,6.968133333333333,1.4933628318584071
2025-12-21,Email,Izmir,243.12,269,10,2196.73,9.0355791378743,0.9037918215613383
2025-12-21,Affiliate,Izmir,434.6,267,4,2048.82,4.7142659917165215,1.6277153558052435
2025-12-22,Search,Istanbul,882.16,503,7,3955.92,4.4843565793053415,1.753797216699801
2025-12-22,Social,Izmir,815.83,837,20,8309.27,10.18505080715345,0.9747072879330945
2025-12-22,Email,Ankara,216.28,153,10,4253.69,19.667514333271683,1.41359477124183
2025-12-22,Affiliate,Izmir,457.81,242,8,3025.61,6.608877045062362,1.8917768595041322
2025-12-23,Search,Izmir,1035.65,905,32,15328.56,14.80090764254333,1.144364640883978
2025-12-23,Social,Istanbul,737.79,578,8,2911.93,3.9468276880955284,1.2764532871972318
2025-12-23,Email,Antalya,330.66,215,14,8966.23,27.116161616161612,1.5379534883720931
2025-12-23,Affiliate,Istanbul,382.45,404,8,3056.0,7.990587004837234,0.9466584158415842
2025-12-24,Search,Istanbul,875.72,972,31,19750.3,22.55321335586717,0.9009465020576132
2025-12-24,Social,Izmir,666.95,400,3,1484.32,2.2255341479871054,1.667375
2025-12-24,Email,Izmir,224.2,218,12,8231.63,36.71556645851918,1.028440366972477
2025-12-24,Affiliate,Istanbul,460.74,307,10,3741.26,8.120111125580587,1.5007817589576546
2025-12-25,Search,Ankara,693.6,292,10,6748.29,9.729368512110726,2.3753424657534246
2025-12-25,Social,Istanbul,528.86,198,4,2180.18,4.12241424951783,2.671010101010101
2025-12-25,Email,Bursa,380.43,326,13,8748.77,22.99705596298925,1.1669631901840491
2025-12-25,Affiliate,Izmir,321.38,93,2,508.75,1.5830169892339288,3.4556989247311827
2025-12-26,Search,Istanbul,593.16,361,10,5932.85,10.002107357205476,1.6431024930747922
2025-12-26,Social,Ankara,352.63,439,13,7751.02,21.980602898221935,0.803257403189066
2025-12-26,Email,Istanbul,183.33,153,6,4834.86,26.37244313532973,1.198235294117647
2025-12-26,Affiliate,Istanbul,323.09,266,3,1657.03,5.128694790925129,1.214624060150376
2025-12-27,Search,Ankara,851.32,701,31,16812.69,19.748966311140343,1.2144365192582027
2025-12-27,Social,Izmir,614.27,445,7,3029.15,4.931300568154069,1.38038202247191
2025-12-27,Email,Istanbul,181.68,167,10,3603.15,19.832397622192865,1.0879041916167664
2025-12-27,Affiliate,Antalya,291.01,306,9,3526.28,12.11738428232707,0.9510130718954248
2025-12-28,Search,Istanbul,551.06,420,7,2781.96,5.048379486807245,1.312047619047619
2025-12-28,Social,Istanbul,605.76,633,19,9700.79,16.014246566296887,0.9569668246445497
2025-12-28,Email,Antalya,252.26,203,9,7919.4,31.393800047569968,1.2426600985221674
2025-12-28,Affiliate,Istanbul,520.05,339,14,7032.1,13.521969041438325,1.534070796460177
2025-12-29,Search,Istanbul,1322.64,1095,42,12993.81,9.824147160225003,1.2078904109589041
2025-12-29,Social,Ankara,682.06,643,11,4384.35,6.428100167140721,1.060746500777605
2025-12-29,Email,Izmir,252.16,200,14,8275.95,32.82023318527919,1.2608
2025-12-29,Affiliate,Istanbul,245.78,118,2,1248.99,5.081739767271544,2.0828813559322032
2025-12-30,Search,Bursa,1130.46,446,16,6940.14,6.139217663605966,2.534663677130045
2025-12-30,Social,Istanbul,664.36,351,9,2460.77,3.703970738756096,1.8927635327635328
2025-12-30,Email,Ankara,274.92,297,13,7954.33,28.933253310053832,0.9256565656565657
2025-12-30,Affiliate,Istanbul,421.05,252,6,3103.54,7.370953568459803,1.6708333333333334
2025-12-31,Search,Istanbul,1259.69,1267,29,14927.2,11.849899578467719,0.9942304656669299
2025-12-31,Social,Istanbul,883.88,820,16,7579.49,8.575247771190659,1.0779024390243903
2025-12-31,Email,Izmir,216.02,143,10,5264.25,24.369271363762614,1.5106293706293707
2025-12-31,Affiliate,Istanbul,308.44,241,7,2487.85,8.065912333030735,1.2798340248962656
2026-01-01,Search,Istanbul,1046.76,623,28,18942.98,18.096774809889563,1.6801926163723917
2026-01-01,Social,Ankara,605.97,281,7,1795.77,2.963463537798901,2.156476868327402
2026-01-01,Email,Bursa,239.79,257,15,7769.08,32.39951624337962,0.9330350194552529
2026-01-01,Affiliate,Ankara,447.41,310,4,2482.33,5.548221988779866,1.443258064516129
2026-01-02,Search,Istanbul,777.69,915,28,10904.49,14.021641013771553,0.8499344262295082
2026-01-02,Social,Istanbul,699.83,649,10,5332.58,7.619821956760927,1.0783204930662558
2026-01-02,Email,Ankara,206.59,170,10,6126.97,29.65763105668232,1.215235294117647
2026-01-02,Affiliate,Istanbul,326.83,226,3,1934.35,5.9185203316709,1.446150442477876
2026-01-03,Search,Izmir,929.99,1028,39,11669.05,12.54750051075818,0.90465953307393
2026-01-03,Social,Ankara,549.29,553,12,3399.36,6.188643521637023,0.9932911392405063
2026-01-03,Email,Bursa,246.06,152,11,6442.8,26.183857595708364,1.6188157894736843
2026-01-03,Affiliate,Istanbul,302.82,266,8,4278.5,14.128855425665412,1.138421052631579
2026-01-04,Search,Istanbul,801.96,312,7,4789.07,5.971706818295176,2.5703846153846155
2026-01-04,Social,Antalya,789.26,661,11,4286.37,5.430871956009426,1.1940393343419062
2026-01-04,Email,Izmir,240.53,194,9,5801.04,24.117739990853533,1.2398453608247422
2026-01-04,Affiliate,Ankara,287.19,302,10,2839.45,9.887008600578014,0.9509602649006622
2026-01-05,Search,Istanbul,1126.75,1146,33,22659.11,20.110148657643666,0.9832024432809773
2026-01-05,Social,Ankara,510.48,491,12,4980.5,9.756503682808336,1.039674134419552
2026-01-05,Email,Ankara,258.09,271,14,7472.28,28.952225967685692,0.9523616236162361
2026-01-05,Affiliate,Antalya,213.05,131,2,1140.42,5.352827974653837,1.6263358778625956
2026-01-06,Search,Bursa,692.73,980,36,21624.26,31.216000461940435,0.7068673469387755
2026-01-06,Social,Istanbul,723.02,629,13,7878.93,10.89725042184172,1.1494753577106518
2026-01-06,Email,Antalya,263.14,213,7,4137.96,15.725317321577869,1.2353990610328638
2026-01-06,Affiliate,Istanbul,319.74,240,7,3760.98,11.762619628448114,1.33225
2026-01-07,Search,Bursa,1032.67,692,20,8953.47,8.670214105183648,1.4922976878612717
2026-01-07,Social,Istanbul,565.02,279,3,1399.62,2.4771158543060423,2.0251612903225804
2026-01-07,Email,Ankara,261.44,263,14,5583.31,21.355989902080786,0.9940684410646388
2026-01-07,Affiliate,Bursa,481.31,298,9,4740.28,9.848704577091686,1.6151342281879195
2026-01-08,Search,Izmir,827.53,682,25,14715.3,17.782195207424504,1.2133870967741935
2026-01-08,Social,Istanbul,591.23,357,8,3871.67,6.548500583529252,1.6561064425770309
2026-01-08,Email,Antalya,183.37,142,6,3877.64,21.146534329497737,1.291338028169014
2026-01-08,Affiliate,Ankara,333.17,424,4,2167.99,6.507158507668756,0.7857783018867925
2026-01-09,Search,Istanbul,936.76,667,25,15724.02,16.785537384175242,1.4044377811094453
2026-01-09,Social,Ankara,498.46,666,11,7092.19,14.228202864823656,0.7484384384384384
2026-01-09,Email,Istanbul,180.4,173,5,2889.39,16.016574279379157,1.0427745664739885
2026-01-09,Affiliate,Istanbul,408.88,236,1,413.18,1.010516532968108,1.7325423728813558
2026-01-10,Search,Istanbul,1092.38,200,4,2232.64,2.0438309013347,5.461900000000001
2026-01-10,Social,Izmir,806.74,439,11,3914.58,4.852344001784962,1.8376765375854214
2026-01-10,Email,Istanbul,305.48,256,17,11341.96,37.128322639780016,1.19328125
2026-01-10,Affiliate,Ankara,349.3,298,7,2697.86,7.723618665903235,1.1721476510067115
2026-01-11,Search,Bursa,1173.16,1284,42,30990.02,26.415851205291688,0.9136760124610592
2026-01-11,Social,Izmir,636.37,339,12,5524.53,8.68131747253956,1.8771976401179942
2026-01-11,Email,Izmir,249.97,170,5,3342.85,13.373004760571268,1.4704117647058823
2026-01-11,Affiliate,Istanbul,233.3,201,2,818.39,3.507886840977282,1.1606965174129353
2026-01-12,Search,Istanbul,808.06,673,22,8568.07,10.603259658936217,1.2006835066864783
2026-01-12,Social,Izmir,630.22,564,17,6525.0,10.353527339659166,1.1174113475177305
2026-01-12,Email,Istanbul,318.77,373,19,13544.25,42.48909872321737,0.8546112600536192
2026-01-12,Affiliate,Bursa,436.78,246,4,2831.69,6.483103621960713,1.7755284552845527
2026-01-13,Search,Istanbul,1130.93,806,22,17486.84,15.462353991847417,1.4031389578163773
2026-01-13,Social,Ankara,824.8,648,13,7112.41,8.623193501454898,1.2728395061728395
2026-01-13,Email,Antalya,223.54,194,7,3833.77,17.150263934866242,1.1522680412371133
2026-01-13,Affiliate,Antalya,539.91,356,12,5867.65,10.8678298234891,1.5166011235955055
2026-01-14,Search,Ankara,1008.16,980,39,30355.84,30.110141247421044,1.028734693877551
2026-01-14,Social,Istanbul,832.15,472,17,8152.86,9.797344228804903,1.7630296610169491
2026-01-14,Email,Istanbul,284.13,186,11,8089.33,28.47052405588991,1.5275806451612903
2026-01-14,Affiliate,Ankara,532.54,202,4,2438.8,4.5795620986217,2.6363366336633662
2026-01-15,Search,Istanbul,1072.07,671,15,11698.48,10.912048653539415,1.597719821162444
2026-01-15,Social,Ankara,651.56,218,2,794.91,1.2200104364908835,2.988807339449541
2026-01-15,Email,Izmir,271.46,237,16,8831.01,32.53153319089369,1.1454008438818564
2026-01-15,Affiliate,Bursa,533.99,438,8,2477.45,4.639506357796962,1.2191552511415524
2026-01-16,Search,Ankara,889.15,894,37,15601.61,17.54665691952989,0.9945749440715883
2026-01-16,Social,Izmir,582.83,474,17,7298.86,12.523137106875074,1.2295991561181436
2026-01-16,Email,Antalya,281.28,32,3,2135.46,7.591936860068261,8.79
2026-01-16,Affiliate,Ankara,451.91,490,18,9261.95,20.49512070987586,0.9222653061224491
2026-01-17,Search,Bursa,708.71,648,28,14514.61,20.48032340449549,1.0936882716049383
2026-01-17,Social,Istanbul,590.13,292,3,1148.22,1.9457068781454934,2.0209931506849315
2026-01-17,Email,Izmir,264.98,279,15,7378.94,27.847158276096305,0.9497491039426524
2026-01-17,Affiliate,Antalya,363.52,360,10,5710.2,15.708076584507042,1.0097777777777777
2026-01-18,Search,Istanbul,939.28,979,31,17087.72,18.19236010561281,0.9594279877425944
2026-01-18,Social,Istanbul,436.57,484,5,2426.48,5.558054836566874,0.902004132231405
2026-01-18,Email,Istanbul,180.95,109,5,3104.36,17.15589941972921,1.6600917431192659
2026-01-18,Affiliate,Antalya,400.82,102,1,650.03,1.621750411656105,3.929607843137255
2026-01-19,Search,Ankara,1000.02,1353,48,20955.81,20.95539089218216,0.7391130820399113
2026-01-19,Social,Istanbul,775.88,874,14,6752.26,8.702711759550446,0.8877345537757437
2026-01-19,Email,Izmir,270.77,122,3,1098.61,4.057354950696163,2.219426229508197
2026-01-19,Affiliate,Istanbul,433.54,647,18,8342.2,19.242053789731052,0.6700772797527048
2026-01-20,Search,Istanbul,989.21,732,23,11682.22,11.809646081216323,1.351379781420765
2026-01-20,Social,Ankara,493.44,340,9,5523.64,11.19414721141375,1.4512941176470588
2026-01-20,Email,Ankara,381.93,376,21,12863.01,33.67897258659964,1.0157712765957447
2026-01-20,Affiliate,Antalya,489.14,403,11,5236.28,10.705074211882078,1.2137468982630273
2026-01-21,Search,Istanbul,1114.45,576,28,16324.11,14.647682713446095,1.9348090277777779
2026-01-21,Social,Istanbul,884.98,868,21,11148.23,12.59715473796018,1.0195622119815668
2026-01-21,Email,Istanbul,225.37,120,8,4800.14,21.298930647379866,1.8780833333333333
2026-01-21,Affiliate,Istanbul,620.34,393,10,5847.07,9.42558919302318,1.578473282442748
2026-01-22,Search,Izmir,831.42,899,34,16098.5,19.36265665969065,0.9248275862068965
2026-01-22,Social,Istanbul,865.45,255,8,3254.53,3.760506095095037,3.393921568627451
2026-01-22,Email,Izmir,275.75,162,7,4167.83,15.114524025385313,1.7021604938271604
2026-01-22,Affiliate,Izmir,687.09,364,9,5646.7,8.21828290325867,1.88760989010989
2026-01-23,Search,Ankara,816.79,628,15,12494.29,15.296820480172384,1.30062101910828
2026-01-23,Social,Istanbul,694.8,532,14,7539.75,10.851683937823834,1.306015037593985
2026-01-23,Email,Izmir,254.91,248,14,9446.53,37.058295084539644,1.0278629032258064
2026-01-23,Affiliate,Izmir,334.75,243,5,2760.21,8.245586258401792,1.3775720164609053
2026-01-24,Search,Izmir,765.93,724,19,12637.41,16.499432062982258,1.057914364640884
2026-01-24,Social,Antalya,416.37,379,5,1856.18,4.458006100343445,1.0986015831134566
2026-01-24,Email,Ankara,207.63,181,11,6218.78,29.951259451909646,1.1471270718232045
2026-01-24,Affiliate,Istanbul,324.49,286,5,3063.49,9.44093808746032,1.1345804195804197
