kayit_id,ogrenci_id,ders_kodu,donem,vize,final
500001,200189,DS101,2026-Spring,84.8,62.7
500002,200160,AI201,2025-Fall,65.7,79.2
500003,200183,MK201,2025-Fall,100.0,51.0
500004,200202,FN201,2026-Spring,67.4,
500005,200047,AI201,2025-Fall,62.6,97.5
500006,200166,PY101,2026-Spring,,46.7
500007,200179,FN201,2025-Fall,54.7,55.6
500008,200171,BI201,2026-Spring,,54.4
500009,200167,BI201,2025-Fall,,32.5
500010,200069,BA301,2025-Fall,,74.5
500011,200025,PY101,2026-Spring,,95.7
500012,200137,MK201,2025-Fall,51.3,73.2
500013,200136,BA301,2025-Fall,58.9,81.6
500014,200208,WEB101,2025-Fall,59.4,
500015,200098,BI201,2026-Spring,56.9,61.9
500016,200124,DS101,2025-Fall,60.2,67.7
500017,200038,AI201,2025-Fall,68.8,60.1
500018,200067,MK201,2025-Fall,63.7,
500019,200037,DB201,2026-Spring,44.5,100.0
500020,200036,AI201,2026-Spring,87.9,81.7
500021,200095,MK201,2026-Spring,55.2,89.6
500022,200100,BA301,2026-Spring,,93.7
500023,200074,WEB101,2025-Fall,69.1,71.4
500024,200198,AI201,2026-Spring,70.1,50.3
500025,200078,ST201,2026-Spring,70.0,79.7
500026,200013,DB201,2025-Fall,74.6,75.3
500027,200108,BA301,2025-Fall,90.4,75.1
500028,200011,DB201,2025-Fall,55.9,67.5
500029,200062,BI201,2025-Fall,44.3,70.7
500030,200177,MK201,2025-Fall,62.0,52.1
500031,200136,BA301,2025-Fall,60.9,65.5
500032,200020,MK201,2026-Spring,57.7,81.5
500033,200210,AI201,2025-Fall,71.6,60.8
500034,200014,FN201,2026-Spring,56.8,66.6
500035,200008,PY101,2026-Spring,73.7,29.1
500036,200071,MK201,2025-Fall,51.7,81.3
500037,200211,DB201,2026-Spring,76.3,
500038,200114,WEB101,2025-Fall,60.5,85.8
500039,200107,ST201,2025-Fall,79.5,83.2
500040,200071,FN201,2026-Spring,72.9,100.0
500041,200018,DS101,2026-Spring,48.0,
500042,200120,BA301,2025-Fall,65.2,95.0
500043,200064,DS101,2025-Fall,68.5,66.4
500044,200034,FN201,2025-Fall,71.1,58.2
500045,200026,WEB101,2025-Fall,63.1,88.3
500046,200082,DB201,2025-Fall,49.6,57.7
500047,200094,AI201,2025-Fall,43.2,82.3
500048,200092,DS101,2026-Spring,70.5,78.7
500049,200082,PY101,2025-Fall,58.4,42.5
500050,200042,MK201,2026-Spring,53.0,80.0
500051,200151,MK201,2025-Fall,62.1,79.1
500052,200068,AI201,2025-Fall,54.0,33.8
500053,200140,PY101,2026-Spring,62.9,46.1
500054,200187,MK201,2025-Fall,64.0,54.4
500055,200008,MK201,2025-Fall,84.6,
500056,200031,DB201,2025-Fall,66.2,50.5
500057,200175,DS101,2025-Fall,70.5,75.2
500058,200210,ST201,2026-Spring,54.3,78.1
500059,200193,DS101,2026-Spring,71.3,43.1
500060,200184,BI201,2026-Spring,76.8,51.8
500061,200162,FN201,2025-Fall,56.1,86.2
500062,200185,MK201,2025-Fall,50.0,43.8
500063,200049,DS101,2026-Spring,77.2,100.0
500064,200021,AI201,2025-Fall,66.2,64.5
500065,200168,PY101,2025-Fall,70.1,87.9
500066,200097,DS101,2026-Spring,70.7,80.7
500067,200092,BI201,2025-Fall,54.2,84.2
500068,200138,WEB101,2026-Spring,82.8,59.3
500069,200044,PY101,2025-Fall,90.3,63.9
500070,200024,MK201,2025-Fall,72.5,67.9
500071,200008,AI201,2025-Fall,64.1,
500072,200194,BI201,2026-Spring,75.3,67.8
500073,200091,ST201,2026-Spring,48.4,48.5
500074,200036,DB201,2026-Spring,46.9,83.6
500075,200127,PY101,2026-Spring,78.1,61.8
500076,200060,ST201,2025-Fall,65.5,58.3
500077,200010,DS101,2026-Spring,71.1,90.0
500078,200186,AI201,2025-Fall,77.8,94.1
500079,200038,PY101,2026-Spring,72.8,75.4
500080,200145,BA301,2025-Fall,,45.3
500081,200206,MK201,2025-Fall,37.7,78.2
500082,200215,MK201,2025-Fall,79.1,50.3
500083,200177,PY101,2025-Fall,48.3,76.3
500084,200132,BI201,2025-Fall,48.3,60.3
500085,200203,DB201,2026-Spring,47.4,72.9
500086,200058,FN201,2025-Fall,82.5,59.0
500087,200028,PY101,2025-Fall,52.8,65.7
500088,200164,PY101,2026-Spring,73.4,81.5
500089,200203,WEB101,2026-Spring,58.1,54.3
500090,200202,PY101,2026-Spring,46.5,82.1
500091,200043,PY101,2026-Spring,58.3,60.6
500092,200060,ST201,2025-Fall,53.7,
500093,200071,DB201,2025-Fall,100.0,55.8
500094,200210,ST201,2025-Fall,61.7,37.7
500095,200122,MK201,2026-Spring,90.4,91.6
500096,200088,AI201,2026-Spring,57.5,83.1
500097,200094,BI201,2025-Fall,58.8,83.5
500098,200132,FN201,2026-Spring,72.3,59.7
500099,200187,MK201,2025-Fall,84.5,100.0
500100,200028,DS101,2026-Spring,38.9,63.7
500101,200138,PY101,2025-Fall,74.5,100.0
500102,200070,DB201,2025-Fall,40.6,72.3
500103,200055,BA301,2025-Fall,76.8,67.4
500104,200038,FN201,2026-Spring,73.8,85.5
500105,200043,WEB101,2026-Spring,100.0,75.0
500106,200095,DS101,2025-Fall,94.0,77.1
500107,200104,WEB101,2026-Spring,47.2,48.0
500108,200102,ST201,2025-Fall,66.7,74.9
500109,200207,DS101,2026-Spring,,71.0
500110,200008,ST201,2026-Spring,55.7,52.6
500111,200122,AI201,2025-Fall,86.1,88.8
500112,200039,BA301,2025-Fall,,66.5
500113,200040,AI201,2025-Fall,78.0,80.1
500114,200059,WEB101,2026-Spring,62.1,75.2
500115,200082,DB201,2026-Spring,52.3,51.2
500116,200110,PY101,2025-Fall,49.2,78.3
500117,200015,WEB101,2025-Fall,35.1,
500118,200159,FN201,2025-Fall,50.1,62.7
500119,200098,PY101,2025-Fall,53.7,52.0
500120,200216,WEB101,2025-Fall,74.9,68.3
500121,200154,BA301,2026-Spring,64.0,53.2
500122,200052,DB201,2025-Fall,44.6,100.0
500123,200074,FN201,2025-Fall,76.7,64.4
500124,200133,DB201,2026-Spring,60.7,91.5
500125,200178,AI201,2025-Fall,68.4,61.3
500126,200046,DS101,2025-Fall,51.9,
500127,200083,BI201,2026-Spring,49.9,53.8
500128,200158,BA301,2025-Fall,67.5,92.5
500129,200117,ST201,2026-Spring,79.4,62.5
500130,200059,BI201,2025-Fall,78.6,69.0
500131,200062,DB201,2025-Fall,63.2,41.8
500132,200110,BA301,2025-Fall,59.7,87.2
500133,200080,MK201,2025-Fall,43.2,49.1
500134,200098,PY101,2025-Fall,67.3,100.0
500135,200032,WEB101,2025-Fall,72.3,69.7
500136,200101,BA301,2025-Fall,64.0,41.4
500137,200220,BI201,2025-Fall,64.7,80.7
500138,200077,BA301,2025-Fall,89.2,86.8
500139,200034,MK201,2025-Fall,78.6,62.7
500140,200073,DS101,2025-Fall,66.7,
500141,200217,ST201,2026-Spring,31.3,87.5
500142,200088,MK201,2026-Spring,68.1,87.1
500143,200054,BA301,2025-Fall,,53.9
500144,200025,MK201,2026-Spring,73.9,77.1
500145,200137,DS101,2025-Fall,92.2,68.4
500146,200027,WEB101,2026-Spring,49.8,48.8
500147,200016,FN201,2025-Fall,57.4,48.5
500148,200119,WEB101,2026-Spring,,41.1
500149,200191,BI201,2025-Fall,91.6,48.9
500150,200159,DS101,2025-Fall,60.8,51.5
500151,200184,FN201,2025-Fall,89.7,94.8
500152,200006,FN201,2025-Fall,82.3,100.0
500153,200123,WEB101,2025-Fall,71.8,66.3
500154,200137,DB201,2026-Spring,81.9,72.0
500155,200114,AI201,2025-Fall,50.4,64.2
500156,200111,BA301,2026-Spring,96.5,82.1
500157,200002,MK201,2026-Spring,71.6,72.2
500158,200088,FN201,2025-Fall,73.1,91.4
500159,200052,WEB101,2025-Fall,69.6,82.7
500160,200096,FN201,2026-Spring,,66.3
500161,200014,MK201,2025-Fall,76.6,52.6
500162,200197,DS101,2026-Spring,99.5,36.8
500163,200007,BI201,2026-Spring,60.0,56.9
500164,200106,ST201,2025-Fall,,70.1
500165,200058,AI201,2025-Fall,67.9,89.6
500166,200199,WEB101,2026-Spring,60.6,77.4
500167,200097,DS101,2025-Fall,72.1,67.1
500168,200029,DB201,2025-Fall,54.2,74.8
500169,200188,DB201,2025-Fall,59.0,76.3
500170,200120,PY101,2026-Spring,69.4,53.4
500171,200014,AI201,2025-Fall,70.1,31.8
500172,200148,PY101,2025-Fall,42.8,91.5
500173,200184,WEB101,2026-Spring,56.4,24.3
500174,200175,DB201,2025-Fall,49.5,74.2
500175,200081,MK201,2025-Fall,62.7,94.8
500176,200122,ST201,2025-Fall,58.4,52.9
500177,200077,AI201,2025-Fall,60.2,
500178,200116,DS101,2026-Spring,91.6,76.8
500179,200096,ST201,2026-Spring,62.6,67.3
500180,200197,FN201,2025-Fall,50.9,28.3
500181,200001,DS101,2026-Spring,52.0,86.2
500182,200018,BA301,2025-Fall,54.4,78.5
500183,200002,MK201,2026-Spring,80.1,62.0
500184,200210,MK201,2026-Spring,71.5,45.8
500185,200045,DS101,2026-Spring,69.4,72.9
500186,200217,DB201,2025-Fall,51.6,96.0
500187,200210,DS101,2025-Fall,69.6,58.1
500188,200121,DB201,2025-Fall,59.2,69.7
500189,200158,DS101,2025-Fall,67.8,57.7
500190,200060,FN201,2025-Fall,72.4,66.7
500191,200081,AI201,2025-Fall,53.1,100.0
500192,200201,AI201,2026-Spring,,72.4
500193,200095,FN201,2026-Spring,,100.0
500194,200176,PY101,2025-Fall,49.2,84.7
500195,200061,PY101,2026-Spring,63.0,85.8
500196,200163,AI201,2025-Fall,70.1,70.4
500197,200107,ST201,2026-Spring,40.5,
500198,200094,WEB101,2026-Spring,55.1,86.9
500199,200075,ST201,2026-Spring,74.3,76.5
500200,200120,BI201,2026-Spring,67.9,70.1
500201,200034,FN201,2026-Spring,48.8,77.3
500202,200115,AI201,2026-Spring,58.9,73.7
500203,200138,WEB101,2026-Spring,,58.0
500204,200009,WEB101,2026-Spring,65.2,82.5
500205,200122,FN201,2026-Spring,64.7,34.3
500206,200106,ST201,2025-Fall,69.4,78.1
500207,200044,WEB101,2025-Fall,50.2,70.7
500208,200083,MK201,2025-Fall,54.5,
500209,200027,AI201,2025-Fall,79.5,54.8
500210,200132,BI201,2025-Fall,63.3,88.0
500211,200051,DS101,2025-Fall,37.3,70.8
500212,200125,ST201,2025-Fall,54.1,81.3
500213,200082,AI201,2025-Fall,69.7,81.7
500214,200116,BA301,2026-Spring,61.5,26.2
500215,200164,DS101,2026-Spring,82.1,
500216,200158,PY101,2025-Fall,47.7,67.8
500217,200048,BI201,2025-Fall,90.8,
500218,200008,BI201,2025-Fall,67.7,100.0
500219,200032,AI201,2025-Fall,55.6,86.5
500220,200072,BI201,2026-Spring,33.5,69.3
500221,200076,PY101,2025-Fall,83.6,
500222,200129,BA301,2026-Spring,60.6,59.1
500223,200077,BA301,2025-Fall,61.2,53.0
500224,200125,FN201,2025-Fall,63.5,58.5
500225,200061,WEB101,2026-Spring,45.8,64.6
500226,200049,ST201,2025-Fall,73.9,77.2
500227,200089,FN201,2025-Fall,66.0,94.8
500228,200115,DB201,2026-Spring,54.1,81.3
500229,200015,DS101,2025-Fall,44.1,82.2
500230,200129,AI201,2026-Spring,47.4,61.6
500231,200100,BI201,2025-Fall,67.3,44.7
500232,200049,WEB101,2025-Fall,71.9,97.6
500233,200032,PY101,2025-Fall,43.1,49.4
500234,200055,PY101,2025-Fall,67.9,100.0
500235,200017,BA301,2025-Fall,81.7,46.1
500236,200049,MK201,2026-Spring,73.9,59.2
500237,200164,BI201,2025-Fall,79.9,58.4
500238,200023,FN201,2026-Spring,61.2,37.0
500239,200118,AI201,2026-Spring,65.4,61.6
500240,200164,FN201,2025-Fall,48.6,76.3
500241,200031,AI201,2026-Spring,69.1,62.1
500242,200046,DS101,2026-Spring,82.3,22.0
500243,200111,DS101,2025-Fall,64.4,76.1
500244,200025,PY101,2025-Fall,57.4,97.1
500245,200046,DB201,2025-Fall,67.6,85.2
500246,200188,BA301,2025-Fall,67.6,22.0
500247,200053,AI201,2026-Spring,47.9,66.1
500248,200194,AI201,2026-Spring,66.4,49.8
500249,200182,PY101,2025-Fall,30.3,69.9
500250,200054,DS101,2026-Spring,64.3,
500251,200062,AI201,2025-Fall,71.8,67.4
500252,200199,MK201,2025-Fall,68.0,68.3
500253,200197,DB201,2026-Spring,74.7,73.2
500254,200182,ST201,2026-Spring,74.4,100.0
500255,200119,MK201,2025-Fall,,36.6
500256,200081,DS101,2025-Fall,68.3,85.5
500257,200208,BA301,2025-Fall,69.5,74.1
500258,200193,PY101,2026-Spring,22.5,
500259,200005,PY101,2026-Spring,67.2,65.7
500260,200168,DS101,2025-Fall,60.5,71.4
500261,200206,DS101,2025-Fall,59.0,45.4
500262,200194,WEB101,2026-Spring,21.4,59.0
500263,200056,MK201,2025-Fall,76.2,71.5
500264,200104,AI201,2026-Spring,38.4,76.4
500265,200185,PY101,2025-Fall,59.8,67.9
500266,200214,ST201,2026-Spring,41.5,56.8
500267,200092,PY101,2025-Fall,74.0,80.2
500268,200044,MK201,2026-Spring,58.1,54.6
500269,200166,DB201,2026-Spring,78.2,49.8
500270,200136,AI201,2026-Spring,,54.6
500271,200106,MK201,2026-Spring,74.1,64.2
500272,200045,WEB101,2025-Fall,63.2,81.3
500273,200091,AI201,2026-Spring,66.7,72.9
500274,200056,ST201,2025-Fall,66.5,48.0
500275,200215,ST201,2026-Spring,95.6,84.8
500276,200033,ST201,2025-Fall,70.3,85.5
500277,200194,DB201,2026-Spring,53.5,49.9
500278,200034,AI201,2026-Spring,77.0,54.7
500279,200033,MK201,2026-Spring,84.1,54.3
500280,200168,PY101,2026-Spring,,66.5
500281,200032,FN201,2025-Fall,,58.2
500282,200015,DB201,2025-Fall,77.2,37.3
500283,200113,FN201,2026-Spring,71.7,86.9
500284,200168,DB201,2026-Spring,54.8,82.8
500285,200211,FN201,2026-Spring,,43.8
500286,200006,BI201,2025-Fall,66.0,54.2
500287,200117,AI201,2026-Spring,58.7,100.0
500288,200033,FN201,2025-Fall,66.1,74.1
500289,200108,ST201,2025-Fall,63.0,72.7
500290,200101,FN201,2025-Fall,74.0,74.0
500291,200084,MK201,2025-Fall,,49.8
500292,200051,WEB101,2026-Spring,76.6,65.3
500293,200214,DB201,2025-Fall,77.4,55.0
500294,200170,DB201,2025-Fall,63.6,
500295,200205,FN201,2026-Spring,57.0,67.3
500296,200125,PY101,2025-Fall,59.8,41.6
500297,200173,MK201,2026-Spring,33.3,
500298,200133,ST201,2025-Fall,82.9,75.4
500299,200107,BI201,2025-Fall,75.9,73.2
500300,200189,WEB101,2026-Spring,62.2,
500301,200093,FN201,2026-Spring,21.6,47.6
500302,200061,DS101,2026-Spring,69.4,
500303,200213,FN201,2025-Fall,58.4,72.2
500304,200141,WEB101,2025-Fall,65.9,72.4
500305,200143,BI201,2025-Fall,82.4,71.8
500306,200137,DS101,2025-Fall,53.6,49.5
500307,200136,AI201,2026-Spring,75.7,64.3
500308,200086,BI201,2026-Spring,44.3,
500309,200033,BI201,2025-Fall,70.9,100.0
500310,200158,MK201,2026-Spring,78.6,85.9
500311,200158,BA301,2026-Spring,64.9,
500312,200198,BA301,2025-Fall,68.8,39.0
500313,200034,FN201,2026-Spring,79.0,18.3
500314,200041,WEB101,2025-Fall,50.8,71.6
500315,200003,BI201,2026-Spring,61.6,74.6
500316,200035,MK201,2025-Fall,69.6,
500317,200061,DS101,2025-Fall,53.4,44.8
500318,200095,FN201,2026-Spring,38.2,58.1
500319,200077,DS101,2025-Fall,91.7,70.0
500320,200056,PY101,2025-Fall,41.9,76.6
500321,200076,BA301,2025-Fall,44.3,39.8
500322,200060,WEB101,2026-Spring,71.2,80.5
500323,200032,DS101,2026-Spring,71.8,29.4
500324,200132,DS101,2025-Fall,45.7,78.4
500325,200198,ST201,2025-Fall,87.6,100.0
500326,200081,AI201,2026-Spring,61.0,65.6
500327,200138,DB201,2025-Fall,57.4,100.0
500328,200182,DB201,2025-Fall,60.0,47.1
500329,200031,BA301,2026-Spring,84.2,61.9
500330,200170,DB201,2026-Spring,97.9,46.1
500331,200128,FN201,2025-Fall,87.7,70.2
500332,200046,BI201,2026-Spring,51.9,51.1
500333,200078,WEB101,2026-Spring,62.3,88.0
500334,200130,DS101,2026-Spring,63.2,94.9
500335,200046,ST201,2026-Spring,75.6,84.5
500336,200165,PY101,2026-Spring,65.0,46.6
500337,200099,ST201,2026-Spring,70.9,70.9
500338,200081,MK201,2026-Spring,72.9,90.2
500339,200095,MK201,2025-Fall,81.7,74.2
500340,200149,DS101,2025-Fall,,69.7
500341,200140,BI201,2026-Spring,66.3,50.7
500342,200018,BI201,2025-Fall,50.6,60.4
500343,200214,DS101,2026-Spring,70.5,72.3
500344,200073,FN201,2026-Spring,79.0,96.8
500345,200210,FN201,2026-Spring,38.1,89.8
500346,200194,FN201,2025-Fall,53.4,
500347,200215,FN201,2025-Fall,52.1,78.0
500348,200141,FN201,2026-Spring,43.2,67.2
500349,200198,ST201,2025-Fall,51.6,65.4
500350,200052,PY101,2025-Fall,73.8,87.0
500351,200185,ST201,2026-Spring,86.4,
500352,200180,MK201,2026-Spring,,69.6
500353,200204,FN201,2025-Fall,66.1,100.0
500354,200194,WEB101,2025-Fall,54.2,56.5
500355,200138,BA301,2026-Spring,32.0,72.0
500356,200123,ST201,2026-Spring,91.7,94.3
500357,200061,ST201,2025-Fall,80.3,57.0
500358,200077,BI201,2025-Fall,15.3,75.0
500359,200029,BI201,2025-Fall,82.2,53.7
500360,200127,BI201,2025-Fall,57.2,59.7
500361,200123,FN201,2026-Spring,57.5,51.6
500362,200111,WEB101,2025-Fall,67.2,49.3
500363,200142,MK201,2025-Fall,58.3,100.0
500364,200069,PY101,2026-Spring,48.7,46.3
500365,200149,ST201,2025-Fall,80.5,44.7
500366,200023,DS101,2026-Spring,51.2,73.8
500367,200082,AI201,2025-Fall,73.1,83.7
500368,200163,FN201,2025-Fall,58.2,50.7
500369,200137,ST201,2026-Spring,64.3,68.0
500370,200198,MK201,2026-Spring,58.7,72.3
500371,200168,WEB101,2025-Fall,53.6,79.4
500372,200065,MK201,2025-Fall,69.8,65.8
500373,200054,DB201,2025-Fall,62.0,64.0
500374,200210,AI201,2025-Fall,89.5,77.3
500375,200192,AI201,2025-Fall,69.5,94.7
500376,200197,FN201,2025-Fall,52.6,
500377,200187,BI201,2025-Fall,67.6,98.0
500378,200086,WEB101,2026-Spring,35.6,68.7
500379,200062,ST201,2025-Fall,60.4,71.2
500380,200073,BA301,2026-Spring,62.4,81.6
500381,200079,DS101,2025-Fall,83.5,42.5
500382,200033,WEB101,2026-Spring,40.4,98.6
500383,200115,WEB101,2026-Spring,38.7,82.8
500384,200202,DB201,2026-Spring,79.6,69.8
500385,200151,MK201,2026-Spring,64.1,78.8
500386,200029,AI201,2026-Spring,76.1,77.1
500387,200217,BI201,2025-Fall,79.3,42.3
500388,200194,DB201,2026-Spring,63.9,93.0
500389,200202,WEB101,2025-Fall,82.3,84.5
500390,200015,BA301,2025-Fall,51.4,64.3
500391,200177,AI201,2025-Fall,53.6,63.8
500392,200147,WEB101,2025-Fall,71.2,100.0
500393,200030,AI201,2026-Spring,,45.7
500394,200135,AI201,2025-Fall,82.4,
500395,200087,BA301,2025-Fall,53.1,37.9
500396,200048,FN201,2026-Spring,57.2,53.0
500397,200168,BA301,2026-Spring,72.7,87.3
500398,200219,WEB101,2026-Spring,58.6,58.7
500399,200154,PY101,2025-Fall,50.4,69.0
500400,200001,BA301,2025-Fall,39.7,84.0
500401,200048,FN201,2025-Fall,55.8,71.5
500402,200154,FN201,2025-Fall,47.7,52.9
500403,200164,DS101,2025-Fall,77.4,84.2
500404,200189,DS101,2025-Fall,60.0,92.3
500405,200127,DS101,2025-Fall,86.9,100.0
500406,200206,BI201,2025-Fall,,74.2
500407,200174,BI201,2025-Fall,77.4,34.2
500408,200027,BA301,2025-Fall,74.4,74.6
500409,200045,AI201,2025-Fall,,82.1
500410,200109,PY101,2026-Spring,55.1,95.9
500411,200073,MK201,2026-Spring,24.7,58.2
500412,200016,ST201,2026-Spring,76.6,74.2
500413,200192,DB201,2026-Spring,80.6,54.0
500414,200166,FN201,2026-Spring,92.9,48.3
500415,200169,FN201,2025-Fall,53.3,100.0
500416,200208,FN201,2026-Spring,70.0,100.0
500417,200106,DS101,2026-Spring,56.5,86.4
500418,200122,MK201,2026-Spring,48.4,81.9
500419,200186,BI201,2025-Fall,54.0,51.7
500420,200152,DS101,2026-Spring,51.2,99.3
500421,200096,FN201,2025-Fall,51.2,83.5
500422,200120,PY101,2026-Spring,57.8,63.6
500423,200038,DS101,2025-Fall,65.2,71.3
500424,200209,BA301,2025-Fall,,62.4
500425,200142,BA301,2025-Fall,78.5,97.6
500426,200124,AI201,2026-Spring,74.6,69.5
500427,200104,FN201,2025-Fall,62.9,67.0
500428,200185,MK201,2025-Fall,,46.3
500429,200116,MK201,2025-Fall,64.9,64.5
500430,200066,WEB101,2026-Spring,57.4,86.5
500431,200188,PY101,2025-Fall,,100.0
500432,200219,DS101,2026-Spring,77.7,62.1
500433,200013,DB201,2026-Spring,48.8,74.4
500434,200019,AI201,2025-Fall,54.4,63.9
500435,200006,BI201,2025-Fall,46.7,71.3
500436,200178,BI201,2025-Fall,79.7,49.9
500437,200173,MK201,2026-Spring,63.5,83.3
500438,200152,BI201,2026-Spring,71.6,79.7
500439,200071,MK201,2025-Fall,67.8,46.7
500440,200006,AI201,2026-Spring,63.1,47.5
500441,200017,AI201,2026-Spring,69.4,93.7
500442,200090,PY101,2025-Fall,52.9,78.3
500443,200007,PY101,2026-Spring,91.3,
500444,200161,BI201,2025-Fall,71.7,57.9
500445,200138,FN201,2026-Spring,68.3,55.1
500446,200125,DB201,2025-Fall,40.2,42.2
500447,200157,PY101,2025-Fall,66.9,77.2
500448,200059,MK201,2026-Spring,61.7,68.8
500449,200048,BA301,2025-Fall,54.3,62.6
500450,200162,BA301,2025-Fall,72.3,63.3
500451,200134,BI201,2026-Spring,61.6,60.7
500452,200156,AI201,2026-Spring,63.2,60.2
500453,200127,MK201,2026-Spring,77.5,84.7
500454,200207,DB201,2025-Fall,49.5,47.5
500455,200187,ST201,2026-Spring,52.7,77.3
500456,200095,BI201,2026-Spring,67.9,74.8
500457,200026,WEB101,2025-Fall,43.1,82.2
500458,200039,DB201,2025-Fall,53.1,95.3
500459,200177,BA301,2026-Spring,57.3,22.5
500460,200219,PY101,2025-Fall,88.2,85.2
500461,200024,DB201,2025-Fall,84.3,100.0
500462,200198,DS101,2025-Fall,78.9,81.8
500463,200010,WEB101,2025-Fall,82.2,99.9
500464,200186,BI201,2026-Spring,,100.0
500465,200072,PY101,2026-Spring,58.6,98.6
500466,200021,MK201,2025-Fall,52.4,60.1
500467,200011,FN201,2026-Spring,72.9,78.1
500468,200147,WEB101,2026-Spring,62.7,99.8
500469,200177,PY101,2025-Fall,74.5,
500470,200107,MK201,2025-Fall,54.2,57.9
500471,200177,BI201,2026-Spring,71.2,65.2
500472,200199,BI201,2025-Fall,27.0,71.2
500473,200041,PY101,2025-Fall,65.3,84.8
500474,200037,FN201,2025-Fall,78.2,64.9
500475,200143,DS101,2025-Fall,57.5,91.2
500476,200194,AI201,2025-Fall,87.1,61.4
500477,200130,AI201,2025-Fall,,
500478,200018,MK201,2025-Fall,69.1,65.5
500479,200034,ST201,2025-Fall,60.2,44.8
500480,200014,DB201,2026-Spring,56.0,59.5
500481,200089,BI201,2025-Fall,57.3,62.7
500482,200109,AI201,2026-Spring,66.8,
500483,200208,DS101,2025-Fall,84.8,48.8
500484,200157,ST201,2025-Fall,54.5,62.8
500485,200109,DS101,2026-Spring,79.1,97.7
500486,200211,BI201,2026-Spring,86.8,85.6
500487,200031,DS101,2025-Fall,69.5,74.5
500488,200133,PY101,2025-Fall,63.7,65.7
500489,200107,BA301,2025-Fall,67.5,96.2
500490,200194,WEB101,2026-Spring,74.3,86.9
500491,200088,WEB101,2026-Spring,61.8,80.7
500492,200001,MK201,2026-Spring,54.1,54.0
500493,200134,ST201,2025-Fall,67.1,89.2
500494,200191,BI201,2026-Spring,49.7,85.6
500495,200005,DB201,2025-Fall,54.7,62.9
500496,200107,AI201,2025-Fall,,42.4
500497,200042,FN201,2025-Fall,82.3,82.0
500498,200147,DB201,2026-Spring,70.2,76.5
500499,200210,AI201,2025-Fall,96.5,56.4
500500,200050,PY101,2025-Fall,48.9,52.3
500501,200114,WEB101,2025-Fall,74.1,70.0
500502,200176,WEB101,2025-Fall,63.1,64.9
500503,200178,DS101,2025-Fall,78.2,84.2
500504,200123,ST201,2026-Spring,45.8,
500505,200168,WEB101,2026-Spring,57.8,71.6
500506,200157,PY101,2026-Spring,81.0,78.9
500507,200131,ST201,2025-Fall,59.1,94.1
500508,200165,DS101,2025-Fall,54.2,60.2
500509,200159,PY101,2025-Fall,66.1,89.6
500510,200117,DB201,2026-Spring,66.6,82.5
500511,200140,WEB101,2026-Spring,80.3,35.6
500512,200063,MK201,2025-Fall,40.1,47.3
500513,200034,FN201,2026-Spring,44.3,65.3
500514,200172,FN201,2025-Fall,62.4,69.8
500515,200200,BA301,2025-Fall,50.5,100.0
500516,200069,AI201,2025-Fall,85.4,
500517,200067,MK201,2025-Fall,75.6,62.7
500518,200140,MK201,2025-Fall,55.4,43.2
500519,200143,WEB101,2025-Fall,61.6,44.6
500520,200078,DS101,2025-Fall,72.5,100.0
500521,200026,ST201,2026-Spring,59.0,63.5
500522,200091,DB201,2025-Fall,44.4,65.8
500523,200153,DS101,2025-Fall,74.6,79.1
500524,200202,DB201,2025-Fall,56.6,100.0
500525,200109,DS101,2025-Fall,72.5,79.1
500526,200151,WEB101,2026-Spring,43.9,81.0
500527,200125,PY101,2025-Fall,78.5,60.8
500528,200137,ST201,2025-Fall,48.5,100.0
500529,200026,DB201,2025-Fall,79.8,45.6
500530,200058,ST201,2026-Spring,71.2,55.1
500531,200090,ST201,2025-Fall,60.6,79.7
500532,200120,BI201,2025-Fall,85.7,
500533,200101,AI201,2025-Fall,53.6,100.0
500534,200072,PY101,2026-Spring,80.7,57.2
500535,200149,DB201,2026-Spring,72.8,60.1
500536,200143,ST201,2025-Fall,57.7,61.9
500537,200162,BI201,2026-Spring,64.0,92.4
500538,200078,PY101,2025-Fall,37.9,84.8
500539,200021,BI201,2025-Fall,52.8,52.4
500540,200160,FN201,2025-Fall,57.5,99.6
500541,200141,DB201,2025-Fall,52.2,33.5
500542,200126,FN201,2026-Spring,67.3,64.8
500543,200172,BI201,2026-Spring,45.3,71.0
500544,200164,WEB101,2026-Spring,72.0,89.0
500545,200109,WEB101,2025-Fall,45.1,63.4
500546,200035,ST201,2026-Spring,79.2,57.2
500547,200021,BI201,2025-Fall,60.2,
500548,200047,BI201,2026-Spring,50.2,98.9
500549,200044,AI201,2026-Spring,65.1,72.2
500550,200188,PY101,2025-Fall,68.1,71.5
500551,200061,BA301,2025-Fall,75.5,32.5
500552,200107,WEB101,2026-Spring,50.0,100.0
500553,200177,BI201,2025-Fall,75.4,63.4
500554,200178,AI201,2025-Fall,50.6,92.1
500555,200202,WEB101,2026-Spring,60.2,
500556,200106,DB201,2025-Fall,61.2,61.5
500557,200034,BI201,2025-Fall,62.5,
500558,200158,BA301,2025-Fall,45.9,63.0
500559,200070,BA301,2025-Fall,80.2,73.9
500560,200152,AI201,2025-Fall,60.0,62.1
500561,200217,DS101,2025-Fall,60.0,67.2
500562,200128,WEB101,2025-Fall,65.2,98.1
500563,200093,DS101,2025-Fall,100.0,68.0
500564,200194,DS101,2026-Spring,44.5,59.2
500565,200058,DS101,2026-Spring,78.6,58.3
500566,200195,BA301,2025-Fall,61.2,46.0
500567,200188,DB201,2026-Spring,75.9,85.5
500568,200122,BI201,2025-Fall,53.2,88.6
500569,200164,DS101,2026-Spring,65.4,100.0
500570,200207,FN201,2026-Spring,100.0,71.7
500571,200162,BI201,2025-Fall,59.9,79.4
500572,200054,BA301,2025-Fall,69.7,66.0
500573,200124,WEB101,2026-Spring,60.7,
500574,200210,BI201,2025-Fall,59.2,67.1
500575,200182,DB201,2026-Spring,45.3,45.7
500576,200127,FN201,2026-Spring,35.1,65.2
500577,200136,FN201,2025-Fall,,86.0
500578,200207,PY101,2026-Spring,,83.7
500579,200136,BI201,2025-Fall,67.4,58.6
500580,200194,ST201,2025-Fall,44.2,64.5
500581,200015,MK201,2025-Fall,61.6,
500582,200215,AI201,2026-Spring,74.5,55.7
500583,200047,DB201,2026-Spring,78.1,42.6
500584,200101,BA301,2025-Fall,47.3,71.9
500585,200066,AI201,2025-Fall,72.7,76.2
500586,200060,DS101,2025-Fall,69.8,38.1
500587,200213,ST201,2025-Fall,75.3,63.9
500588,200160,BA301,2026-Spring,66.5,68.4
500589,200196,DS101,2026-Spring,72.1,64.1
500590,200015,ST201,2026-Spring,83.5,60.8
500591,200184,DB201,2026-Spring,75.3,
500592,200018,BI201,2025-Fall,51.6,59.7
500593,200037,ST201,2025-Fall,75.0,87.7
500594,200101,BI201,2026-Spring,83.0,89.0
500595,200097,FN201,2025-Fall,99.0,60.4
500596,200136,BI201,2025-Fall,100.0,98.6
500597,200174,AI201,2026-Spring,81.8,66.4
500598,200077,PY101,2026-Spring,60.7,58.8
500599,200137,FN201,2025-Fall,74.9,85.0
500600,200005,DB201,2025-Fall,52.3,69.3
500601,200067,AI201,2025-Fall,47.1,78.0
500602,200062,MK201,2025-Fall,71.6,64.4
500603,200161,DS101,2026-Spring,93.1,76.6
500604,200058,WEB101,2025-Fall,62.8,
500605,200058,BI201,2026-Spring,69.3,91.7
500606,200046,MK201,2026-Spring,86.3,73.2
500607,200161,WEB101,2026-Spring,75.5,72.1
500608,200079,MK201,2025-Fall,75.9,85.8
500609,200191,DB201,2025-Fall,63.9,62.4
500610,200063,PY101,2025-Fall,53.6,88.3
500611,200107,PY101,2025-Fall,65.4,89.8
500612,200184,WEB101,2026-Spring,56.2,100.0
500613,200139,DB201,2026-Spring,85.5,67.7
500614,200106,PY101,2025-Fall,93.4,83.1
500615,200168,ST201,2026-Spring,78.3,57.7
500616,200096,DS101,2025-Fall,68.3,46.3
500617,200056,BA301,2026-Spring,62.6,34.8
500618,200083,BI201,2025-Fall,,84.6
500619,200076,WEB101,2026-Spring,53.9,75.3
500620,200116,BA301,2026-Spring,70.6,53.0
500621,200194,ST201,2025-Fall,,47.4
500622,200038,DB201,2025-Fall,68.3,74.2
500623,200140,FN201,2025-Fall,,55.4
500624,200118,MK201,2026-Spring,85.7,
500625,200046,PY101,2025-Fall,68.9,80.1
500626,200218,DS101,2026-Spring,70.9,
500627,200191,ST201,2025-Fall,61.2,
500628,200182,WEB101,2026-Spring,79.6,
500629,200087,DS101,2025-Fall,78.6,94.7
500630,200106,PY101,2026-Spring,60.2,45.7
500631,200134,BI201,2025-Fall,67.2,100.0
500632,200058,BA301,2026-Spring,79.8,79.2
500633,200075,MK201,2025-Fall,35.6,76.8
500634,200154,DS101,2025-Fall,,67.4
500635,200029,DS101,2026-Spring,62.4,78.3
500636,200111,WEB101,2026-Spring,51.3,66.3
500637,200023,MK201,2025-Fall,82.9,22.0
500638,200046,BA301,2026-Spring,88.6,100.0
500639,200103,WEB101,2025-Fall,69.0,63.6
500640,200134,ST201,2025-Fall,67.1,90.2
500641,200060,PY101,2026-Spring,44.1,67.6
500642,200139,ST201,2026-Spring,73.7,58.3
500643,200200,DS101,2025-Fall,79.9,68.3
500644,200090,BA301,2025-Fall,100.0,91.3
500645,200173,BI201,2025-Fall,,93.3
500646,200124,BI201,2026-Spring,63.7,59.9
500647,200015,WEB101,2025-Fall,51.8,54.0
500648,200053,DS101,2026-Spring,57.0,90.7
500649,200017,AI201,2025-Fall,53.9,74.9
500650,200182,ST201,2026-Spring,70.7,71.6
500651,200060,MK201,2026-Spring,70.2,
500652,200083,MK201,2026-Spring,71.3,71.7
500653,200210,DS101,2025-Fall,54.7,71.8
500654,200099,ST201,2025-Fall,52.6,100.0
500655,200081,PY101,2025-Fall,73.0,83.3
500656,200084,PY101,2025-Fall,82.2,54.0
500657,200064,PY101,2025-Fall,87.3,73.5
500658,200194,FN201,2026-Spring,98.1,74.3
500659,200005,PY101,2026-Spring,75.5,59.6
500660,200132,PY101,2026-Spring,55.2,89.2
500661,200062,BI201,2025-Fall,37.2,61.5
500662,200082,BI201,2025-Fall,71.5,42.5
500663,200121,BA301,2025-Fall,62.7,84.9
500664,200038,AI201,2026-Spring,46.6,47.0
500665,200188,MK201,2025-Fall,77.1,100.0
500666,200123,FN201,2025-Fall,82.6,63.1
500667,200211,BA301,2026-Spring,67.4,83.6
500668,200064,BI201,2025-Fall,65.1,99.8
500669,200212,FN201,2025-Fall,62.5,82.3
500670,200139,PY101,2026-Spring,52.9,38.7
500671,200113,DB201,2025-Fall,53.5,
500672,200143,ST201,2026-Spring,41.5,80.5
500673,200017,BA301,2025-Fall,74.8,71.4
500674,200031,DB201,2025-Fall,42.0,50.8
500675,200124,WEB101,2025-Fall,70.9,90.1
500676,200160,AI201,2026-Spring,42.0,
500677,200086,PY101,2025-Fall,85.9,64.1
500678,200216,MK201,2026-Spring,54.4,68.1
500679,200211,MK201,2026-Spring,57.9,61.5
500680,200211,ST201,2025-Fall,83.9,50.2
500681,200080,BA301,2025-Fall,72.7,65.9
500682,200013,FN201,2025-Fall,65.9,75.1
500683,200019,BA301,2025-Fall,61.9,51.6
500684,200117,FN201,2025-Fall,42.6,61.2
500685,200112,AI201,2025-Fall,67.9,54.3
500686,200190,DS101,2025-Fall,59.3,100.0
500687,200131,FN201,2025-Fall,50.6,49.6
500688,200126,DB201,2026-Spring,87.8,74.9
500689,200043,BA301,2026-Spring,80.6,81.4
500690,200055,WEB101,2025-Fall,52.0,
500691,200168,BA301,2025-Fall,48.7,71.6
500692,200117,AI201,2026-Spring,72.8,48.9
500693,200139,BA301,2025-Fall,52.1,62.4
500694,200152,ST201,2025-Fall,51.2,46.4
500695,200036,MK201,2025-Fall,74.1,88.3
500696,200111,DB201,2025-Fall,73.0,83.0
500697,200189,DB201,2026-Spring,76.0,58.0
500698,200207,FN201,2026-Spring,76.4,54.8
500699,200185,PY101,2026-Spring,80.7,
500700,200069,DS101,2025-Fall,68.9,87.7
500701,200033,MK201,2026-Spring,76.9,94.9
500702,200213,AI201,2025-Fall,60.2,65.0
500703,200020,PY101,2025-Fall,53.7,52.9
500704,200024,DB201,2025-Fall,83.0,98.6
500705,200083,MK201,2026-Spring,32.5,60.1
500706,200036,WEB101,2025-Fall,,59.8
500707,200075,BI201,2025-Fall,68.0,84.5
500708,200060,MK201,2025-Fall,70.3,
500709,200020,WEB101,2026-Spring,51.4,75.1
500710,200106,DB201,2025-Fall,58.5,72.1
500711,200126,WEB101,2026-Spring,57.8,69.5
500712,200042,FN201,2025-Fall,74.9,76.7
500713,200050,AI201,2026-Spring,50.3,
500714,200186,PY101,2025-Fall,55.4,84.8
500715,200200,WEB101,2025-Fall,67.7,91.2
500716,200204,BI201,2025-Fall,,16.2
500717,200151,BI201,2026-Spring,68.5,51.6
500718,200073,ST201,2025-Fall,96.2,82.7
500719,200154,ST201,2026-Spring,69.3,67.4
500720,200125,WEB101,2025-Fall,80.4,78.7
500721,200133,WEB101,2025-Fall,95.4,61.7
500722,200188,BI201,2026-Spring,89.2,18.6
500723,200188,BA301,2025-Fall,52.8,65.4
500724,200173,BA301,2026-Spring,47.9,76.0
500725,200155,WEB101,2025-Fall,63.5,93.6
500726,200088,MK201,2025-Fall,49.1,63.7
500727,200202,BI201,2026-Spring,59.8,22.4
500728,200103,DS101,2025-Fall,64.7,74.9
500729,200008,AI201,2025-Fall,58.2,79.8
500730,200086,ST201,2026-Spring,80.2,58.5
500731,200104,AI201,2026-Spring,62.6,53.3
500732,200209,FN201,2025-Fall,79.3,53.5
500733,200077,MK201,2026-Spring,58.8,58.9
500734,200138,AI201,2026-Spring,,98.6
500735,200139,BA301,2026-Spring,86.0,34.7
500736,200063,FN201,2026-Spring,76.9,65.5
500737,200027,AI201,2025-Fall,70.9,60.3
500738,200008,PY101,2025-Fall,79.1,62.4
500739,200065,AI201,2025-Fall,76.5,49.8
500740,200155,AI201,2026-Spring,68.7,26.2
500741,200099,PY101,2026-Spring,64.6,79.8
500742,200045,DS101,2026-Spring,59.2,60.5
500743,200009,DS101,2026-Spring,80.9,52.1
500744,200113,MK201,2025-Fall,59.4,50.0
500745,200173,ST201,2026-Spring,92.9,71.1
500746,200137,WEB101,2025-Fall,67.0,53.3
500747,200043,DB201,2025-Fall,,68.4
500748,200042,MK201,2025-Fall,50.7,64.6
500749,200180,AI201,2025-Fall,82.6,51.1
500750,200019,MK201,2026-Spring,90.6,90.8
500751,200102,DS101,2026-Spring,80.5,65.7
500752,200080,MK201,2026-Spring,76.2,
500753,200106,AI201,2026-Spring,49.9,85.5
500754,200089,MK201,2025-Fall,75.7,75.0
500755,200128,DB201,2025-Fall,51.7,73.5
500756,200025,DS101,2025-Fall,74.4,55.3
500757,200056,DS101,2025-Fall,91.1,62.6
500758,200062,BA301,2025-Fall,,65.6
500759,200194,AI201,2025-Fall,89.1,44.4
500760,200210,MK201,2025-Fall,50.6,
500761,200114,AI201,2025-Fall,81.8,77.9
500762,200132,MK201,2025-Fall,55.7,73.5
500763,200186,WEB101,2025-Fall,77.4,83.6
500764,200088,BI201,2025-Fall,54.7,83.5
500765,200104,DB201,2026-Spring,60.9,81.0
500766,200027,FN201,2025-Fall,50.9,67.2
500767,200139,PY101,2026-Spring,33.5,54.5
500768,200009,ST201,2025-Fall,36.7,80.0
500769,200124,BA301,2026-Spring,,67.1
500770,200159,AI201,2026-Spring,65.3,43.0
500771,200022,AI201,2025-Fall,77.4,47.9
500772,200193,PY101,2026-Spring,54.0,76.4
500773,200080,DB201,2025-Fall,52.8,46.6
500774,200015,PY101,2026-Spring,98.3,83.7
500775,200112,PY101,2026-Spring,82.3,59.5
500776,200055,BA301,2025-Fall,64.5,48.3
500777,200172,AI201,2025-Fall,55.6,
500778,200160,WEB101,2026-Spring,75.9,95.9
500779,200056,MK201,2025-Fall,,11.9
500780,200131,ST201,2025-Fall,,64.1
500781,200045,DB201,2026-Spring,60.5,76.3
500782,200134,BA301,2025-Fall,73.2,79.3
500783,200122,DB201,2026-Spring,90.8,69.3
500784,200116,AI201,2025-Fall,45.0,57.8
500785,200028,BA301,2026-Spring,57.9,92.0
500786,200101,DS101,2025-Fall,54.9,67.0
500787,200070,FN201,2026-Spring,48.2,71.7
500788,200115,PY101,2026-Spring,75.9,73.4
500789,200101,DB201,2025-Fall,66.5,76.5
500790,200113,AI201,2025-Fall,59.1,80.6
500791,200026,ST201,2026-Spring,67.6,77.4
500792,200091,ST201,2026-Spring,,49.4
500793,200216,BI201,2026-Spring,69.0,86.3
500794,200135,DS101,2025-Fall,100.0,98.1
500795,200213,MK201,2025-Fall,79.1,93.8
500796,200114,BA301,2026-Spring,61.7,100.0
500797,200135,ST201,2026-Spring,100.0,61.0
500798,200054,DB201,2025-Fall,58.5,97.2
500799,200166,AI201,2025-Fall,57.9,78.5
500800,200203,ST201,2025-Fall,68.5,66.5
500801,200196,FN201,2025-Fall,60.1,59.6
500802,200149,FN201,2025-Fall,68.1,92.1
500803,200122,DB201,2025-Fall,94.2,69.0
500804,200053,BI201,2026-Spring,90.8,
500805,200101,ST201,2026-Spring,25.8,
500806,200142,PY101,2026-Spring,60.4,51.9
500807,200022,DB201,2026-Spring,48.7,55.8
500808,200070,MK201,2025-Fall,63.0,100.0
500809,200191,DS101,2025-Fall,52.1,55.4
500810,200201,BA301,2025-Fall,56.7,
500811,200009,BI201,2025-Fall,57.7,77.3
500812,200104,WEB101,2026-Spring,55.3,85.4
500813,200030,WEB101,2026-Spring,,81.8
500814,200196,FN201,2026-Spring,84.5,74.9
500815,200183,WEB101,2026-Spring,52.0,60.4
500816,200098,BA301,2025-Fall,94.4,67.8
500817,200081,MK201,2025-Fall,79.7,42.5
500818,200213,BI201,2025-Fall,71.9,56.6
500819,200202,BI201,2025-Fall,98.8,87.7
500820,200002,DS101,2025-Fall,72.0,81.4
500821,200202,DB201,2026-Spring,100.0,72.7
500822,200214,DS101,2026-Spring,,99.6
500823,200150,ST201,2026-Spring,56.1,69.3
500824,200001,DS101,2025-Fall,33.2,55.3
500825,200190,BI201,2025-Fall,41.3,75.8
500826,200026,FN201,2025-Fall,73.4,94.8
500827,200120,PY101,2025-Fall,70.6,58.7
500828,200025,MK201,2025-Fall,64.7,
500829,200213,WEB101,2026-Spring,54.7,83.1
500830,200101,BI201,2025-Fall,69.0,67.1
500831,200057,DS101,2026-Spring,54.2,62.7
500832,200180,WEB101,2025-Fall,66.8,68.9
500833,200205,PY101,2026-Spring,81.6,38.0
500834,200093,PY101,2025-Fall,,60.7
500835,200078,DS101,2026-Spring,70.3,81.5
500836,200143,DB201,2025-Fall,37.0,
500837,200023,WEB101,2026-Spring,48.7,92.0
500838,200033,FN201,2026-Spring,71.0,28.4
500839,200034,BI201,2025-Fall,67.7,91.1
500840,200061,WEB101,2025-Fall,67.3,42.6
500841,200002,DS101,2025-Fall,100.0,78.8
500842,200011,DS101,2025-Fall,,65.3
500843,200113,AI201,2025-Fall,48.0,74.9
500844,200044,FN201,2025-Fall,70.9,79.9
500845,200149,MK201,2025-Fall,38.8,
500846,200199,FN201,2025-Fall,81.1,65.2
500847,200220,WEB101,2025-Fall,84.2,69.5
500848,200141,ST201,2025-Fall,61.1,
500849,200062,BI201,2026-Spring,43.9,65.3
500850,200067,WEB101,2025-Fall,93.8,100.0
500851,200132,ST201,2026-Spring,64.0,87.4
500852,200028,PY101,2025-Fall,80.2,72.6
500853,200153,FN201,2026-Spring,71.5,36.5
500854,200138,BI201,2026-Spring,,64.4
500855,200093,FN201,2025-Fall,100.0,53.6
500856,200023,BI201,2025-Fall,77.0,85.8
500857,200079,FN201,2026-Spring,93.4,63.2
500858,200097,WEB101,2025-Fall,72.0,78.1
500859,200166,WEB101,2025-Fall,96.7,45.7
500860,200054,DS101,2026-Spring,57.3,100.0
500861,200004,BA301,2026-Spring,42.5,64.6
500862,200111,AI201,2026-Spring,78.3,69.3
500863,200208,ST201,2026-Spring,64.1,78.6
500864,200168,WEB101,2025-Fall,32.3,82.9
500865,200104,ST201,2025-Fall,67.6,90.9
500866,200220,AI201,2026-Spring,60.5,82.5
500867,200138,ST201,2025-Fall,84.6,96.2
500868,200177,BI201,2026-Spring,76.2,70.0
500869,200044,MK201,2025-Fall,62.0,96.3
500870,200220,DB201,2025-Fall,60.5,36.5
500871,200184,AI201,2026-Spring,78.1,89.1
500872,200060,ST201,2025-Fall,81.6,70.5
500873,200091,ST201,2025-Fall,35.9,43.7
500874,200070,MK201,2025-Fall,37.1,61.0
500875,200158,AI201,2025-Fall,76.4,53.0
500876,200089,FN201,2026-Spring,73.8,69.2
500877,200034,BA301,2025-Fall,44.6,85.9
500878,200079,BA301,2026-Spring,91.7,60.3
500879,200030,ST201,2025-Fall,66.6,70.4
500880,200121,BI201,2025-Fall,95.1,93.0
500881,200035,DB201,2025-Fall,56.4,89.3
500882,200125,AI201,2025-Fall,75.8,
500883,200080,FN201,2025-Fall,85.5,86.5
500884,200161,DB201,2025-Fall,66.5,79.5
500885,200185,PY101,2025-Fall,80.5,62.5
500886,200131,BA301,2026-Spring,54.6,46.2
500887,200197,ST201,2026-Spring,40.7,73.7
500888,200157,DS101,2025-Fall,52.8,17.2
500889,200140,WEB101,2026-Spring,70.1,28.9
500890,200061,BI201,2025-Fall,69.1,80.0
500891,200095,PY101,2025-Fall,31.8,59.2
500892,200220,MK201,2026-Spring,84.1,
500893,200198,DS101,2026-Spring,58.3,71.6
500894,200164,WEB101,2026-Spring,61.1,54.8
500895,200006,ST201,2025-Fall,62.7,66.4
500896,200004,DB201,2026-Spring,59.8,61.8
500897,200052,PY101,2025-Fall,68.7,
500898,200121,PY101,2026-Spring,84.9,78.0
500899,200171,BI201,2026-Spring,,61.4
500900,200087,BA301,2025-Fall,71.1,72.4
